,Name,Album,Artist,Release_date,Release_year,Length,Popularity,Acousticness,Danceability,Energy,Instrumentalness,Liveness,Valence,Loudness,Speechiness,Tempo,Time_signature
0,Hoops,Hoops,The Rubens,23/10/2015,2015,158946,0,0.248,0.738,0.517,2.27E-05,0.468,0.772,-5.82,0.0321,96.037,4
1,King Kunta,To Pimp A Butterfly,Kendrick Lamar,16/03/2015,2015,234693,72,0.00589,0.884,0.657,0,0.154,0.489,-4.569,0.0977,107.059,4
2,Lean On (feat. MØ & DJ Snake),Peace Is The Mission,Major Lazer,1/06/2015,2015,176561,0,0.00346,0.723,0.809,0.00123,0.565,0.274,-3.081,0.0625,98.007,4
3,The Less I Know The Better,Currents,Tame Impala,17/07/2015,2015,216320,84,0.0115,0.64,0.74,0.00678,0.167,0.785,-4.083,0.0284,116.879,4
4,Let It Happen,Currents,Tame Impala,17/07/2015,2015,467586,74,0.00462,0.602,0.881,0.0266,0.111,0.577,-5.875,0.0443,125.012,4
5,The Trouble with Us,Work EP,Marcus Marr,4/12/2015,2015,222066,0,0.338,0.828,0.744,0.000774,0.158,0.831,-4.932,0.0646,121.09,4
6,Do You Remember,Jarryd James EP,Jarryd James,3/09/2015,2015,234426,35,0.169,0.662,0.334,0.000458,0.124,0.315,-10.012,0.0584,72.014,4
7,The Buzz (feat. Mataya & Young Tapz),Dark Night Sweet Light,Hermitude,28/08/2015,2015,221786,56,0.33,0.739,0.583,0.00137,0.122,0.497,-6.434,0.173,140.941,4
8,Can't Feel My Face,Beauty Behind The Madness,The Weeknd,28/08/2015,2015,213520,0,0.124,0.702,0.77,0,0.103,0.593,-5.416,0.0482,107.951,4
9,Magnets,Caracal (Deluxe),Disclosure,25/09/2015,2015,199245,62,0.0626,0.704,0.628,1.49E-06,0.103,0.654,-7.882,0.162,92.005,4
10,Never Be,Never Be,Meg Mac,7/08/2015,2015,253043,29,0.262,0.572,0.592,4.06E-05,0.0967,0.271,-8.195,0.0379,99.915,4
11,You Were Right,You Were Right,RÜFÜS DU SOL,26/06/2015,2015,238646,0,0.0122,0.708,0.802,0.00299,0.117,0.701,-5.427,0.0379,121.973,4
12,Ocean Drive,Blasé Boys Club (Pt. 1),Duke Dumont,2/10/2015,2015,206320,39,0.00637,0.686,0.718,0.000703,0.119,0.557,-5.054,0.0431,115.026,4
13,Hotline Bling,Hotline Bling,Drake,31/07/2015,2015,267023,0,0.00257,0.896,0.623,0.000258,0.039,0.585,-8.008,0.0571,134.962,4
14,Like Soda,Like Soda,Violent Soho,8/10/2015,2015,241507,0,0.0145,0.359,0.911,0,0.0508,0.252,-3.791,0.0767,133.624,4
15,Fire and the Flood,Dream Your Life Away (Deluxe Edition),Vance Joy,4/09/2015,2015,249382,0,0.026,0.6,0.79,0,0.0959,0.345,-5.466,0.0365,115.063,4
16,Middle,Middle,DJ Snake,16/10/2015,2015,220573,0,0.0175,0.564,0.737,0,0.054,0.211,-4.079,0.0414,104.764,4
17,"Downtown (feat. Melle Mel, Grandmaster Caz, Kool Moe Dee & Eric Nally)","Downtown (feat. Melle Mel, Grandmaster Caz, Kool Moe Dee & Eric Nally)",Macklemore & Ryan Lewis,27/08/2015,2015,292593,0,0.0916,0.828,0.609,1.21E-06,0.291,0.707,-4.402,0.0694,109.725,4
18,The Hills,Beauty Behind The Madness,The Weeknd,28/08/2015,2015,242253,0,0.0861,0.356,0.567,0,0.137,0.109,-7.011,0.0798,135.553,5
19,Mountain at My Gates,What Went Down,Foals,28/08/2015,2015,244293,65,0.0025,0.495,0.931,0.0783,0.246,0.617,-5.336,0.0469,104.05,4
20,Magnolia,The Positions,Gang of Youths,17/04/2015,2015,311906,0,0.618,0.429,0.665,0.0135,0.0985,0.321,-6.985,0.0327,92.33,4
21,Keeping Score (feat. Paige IV),Keeping Score (feat. Paige IV),L D R U,25/09/2015,2015,182950,45,0.0245,0.629,0.618,0,0.0938,0.644,-5.51,0.0918,92.071,4
22,Embracing Me,Embracing Me,SAFIA,10/07/2015,2015,231041,0,0.4,0.716,0.681,0,0.108,0.167,-5.144,0.073,109.967,4
23,Some Minds (feat. Andrew Wyatt),Some Minds (feat. Andrew Wyatt),Flume,29/05/2015,2015,263764,0,0.316,0.263,0.555,5.78E-05,0.128,0.191,-6.884,0.0446,79.783,4
24,Shine On,Shine On,The Amity Affliction,13/11/2015,2015,225311,45,0.0154,0.48,0.973,0,0.451,0.495,-2.586,0.092,94.332,4
25,I Know There's Gonna Be (Good Times),In Colour,Jamie xx,1/06/2015,2015,213622,6,0.117,0.458,0.595,0,0.506,0.502,-9.912,0.217,89.571,4
26,Young,Vallis Alps,Vallis Alps,6/01/2015,2015,324122,57,0.72,0.584,0.384,0.288,0.0964,0.184,-12.144,0.0675,93.981,4
27,Like An Animal,Like An Animal,RÜFÜS DU SOL,25/09/2015,2015,241677,0,0.029,0.705,0.754,0.000197,0.0917,0.401,-6.27,0.0301,120.004,4
28,Greek Tragedy,Glitterbug (Deluxe Edition),The Wombats,14/04/2015,2015,209557,66,0.00257,0.515,0.869,2.01E-06,0.21,0.452,-4.732,0.0672,93.24,4
29,Say My Name (feat. Benjamin Joseph),Songs to Sweat to,Peking Duk,31/07/2015,2015,187533,25,0.179,0.478,0.635,0,0.644,0.595,-6.601,0.0567,174.021,4
30,Loud Places,In Colour,Jamie xx,1/06/2015,2015,283066,8,0.00422,0.647,0.626,0.323,0.122,0.185,-10.753,0.0424,109.015,4
31,Leave A Trace,Every Open Eye,CHVRCHES,25/09/2015,2015,237481,0,0.015,0.587,0.736,8.81E-05,0.148,0.177,-5.824,0.0948,99.614,4
32,Long Loud Hours,Long Loud Hours,Urthboy,16/10/2015,2015,218765,0,0.136,0.404,0.548,7.54E-06,0.1,0.296,-6.772,0.221,169.134,4
33,Eventually,Currents,Tame Impala,17/07/2015,2015,318591,65,0.0158,0.424,0.615,0.000389,0.0844,0.155,-6.217,0.0325,77.935,4
34,Counting Sheep,Counting Sheep,SAFIA,13/03/2015,2015,173081,0,0.0135,0.777,0.524,8.38E-06,0.129,0.617,-6.549,0.037,94.959,4
35,All My Friends (feat. Tinashe & Chance the Rapper),All My Friends (feat. Tinashe & Chance the Rapper),Snakehips,21/10/2015,2015,229746,72,0.119,0.689,0.521,8.41E-05,0.108,0.178,-5.845,0.132,95.055,4
36,Alright,To Pimp A Butterfly,Kendrick Lamar,16/03/2015,2015,219333,72,0.0742,0.796,0.766,0,0.0827,0.558,-5.974,0.238,110.034,4
37,Delilah,"How Big, How Blue, How Beautiful (Deluxe)",Florence + The Machine,1/06/2015,2015,293468,49,0.096,0.426,0.87,0,0.112,0.414,-3.821,0.0621,169.946,4
38,Swear Jar,Swear Jar,Illy,17/11/2015,2015,186237,42,0.103,0.692,0.632,0,0.119,0.836,-7.009,0.326,135.668,4
39,Ship To Wreck,"How Big, How Blue, How Beautiful (Deluxe)",Florence + The Machine,1/06/2015,2015,234526,51,0.00147,0.564,0.923,0,0.277,0.587,-3.843,0.0325,141.991,4
40,Puppet Theatre,Puppet Theatre,Claptone,28/07/2015,2015,254640,0,0.0753,0.936,0.648,0.0509,0.104,0.663,-6.72,0.0404,115.026,4
41,Hold Me Down,BADLANDS (Deluxe),Halsey,28/08/2015,2015,204785,60,0.279,0.677,0.744,0,0.119,0.531,-4.512,0.0882,145.928,4
42,Pedestrian at Best,"Sometimes I Sit and Think, And Sometimes I Just Sit",Courtney Barnett,23/03/2015,2015,230560,0,4.61E-06,0.479,0.854,5.72E-05,0.372,0.535,-6.101,0.0405,136.067,4
43,Something About You,Something About You,Hayden James,22/04/2015,2015,225181,62,0.369,0.861,0.602,0.0644,0.0751,0.684,-7.314,0.0617,114.978,4
44,Throne,That's The Spirit,Bring Me The Horizon,11/09/2015,2015,191520,73,0.000455,0.426,0.888,0,0.306,0.387,-3.72,0.0987,144.111,4
45,Go,Born In The Echoes,The Chemical Brothers,10/07/2015,2015,260696,46,0.00957,0.751,0.897,2.88E-05,0.329,0.482,-3.598,0.0468,119.97,4
46,Dynamite (feat. Allday),Dynamite (feat. Allday),Asta,11/03/2015,2015,237491,24,0.0671,0.79,0.758,3.72E-05,0.0452,0.901,-5.982,0.0557,107.98,4
47,Crushed,Ire,Parkway Drive,25/09/2015,2015,276222,53,0.00228,0.404,0.964,5.16E-06,0.0888,0.24,-4.569,0.115,84.996,4
48,Too Much Time Together,Gracetown,San Cisco,6/03/2015,2015,169996,49,0.263,0.563,0.841,0.000258,0.0751,0.954,-5.35,0.0519,154.876,4
49,Deception Bay,Deception Bay – Single,Boo Seeka,7/08/2015,2015,189033,35,0.0305,0.483,0.801,0.00876,0.104,0.302,-5.253,0.0343,185.967,4
50,Clearest Blue,Every Open Eye,CHVRCHES,25/09/2015,2015,233769,0,0.017,0.641,0.832,0.00186,0.0648,0.167,-5.873,0.0333,123.03,4
51,Cream On Chrome - Single Edit,Cream On Chrome,Ratatat,13/04/2015,2015,235362,22,0.0275,0.79,0.692,0.369,0.528,0.82,-4.704,0.0532,100.264,4
52,Monday,Monday,Matt Corby,1/10/2015,2015,247893,16,0.874,0.299,0.522,0.00656,0.07,0.229,-6.394,0.0571,89.757,4
53,Working For It,Genesis Series,ZHU,6/11/2015,2015,231813,55,0.0971,0.776,0.715,0.0131,0.247,0.502,-6.587,0.0505,99.951,4
54,Multi-Love,Multi-Love,Unknown Mortal Orchestra,26/05/2015,2015,250800,62,0.571,0.784,0.506,0,0.139,0.545,-5.243,0.0403,120.141,4
55,Alive,Alive,Sia,24/09/2015,2015,263893,51,0.289,0.32,0.752,0.000101,0.102,0.392,-4.91,0.056,98.88,4
56,Foolish,Yuck,Alpine,9/06/2015,2015,202614,28,0.0298,0.673,0.672,0.00991,0.0819,0.77,-6.01,0.0335,94.008,4
57,Vice Grip,Ire,Parkway Drive,25/09/2015,2015,263586,57,3.17E-05,0.48,0.988,0.00432,0.389,0.252,-3.229,0.0838,124.041,4
58,Run,Run,Alison Wonderland,20/03/2015,2015,218783,49,0.00389,0.507,0.779,0.02,0.398,0.109,-5.763,0.0333,145.02,4
59,Kamikaze,Kamikaze,MØ,15/10/2015,2015,214240,57,0.0368,0.663,0.878,3.39E-06,0.328,0.704,-3.195,0.0646,158.035,4
60,'Cause I'm A Man,Currents,Tame Impala,17/07/2015,2015,241986,63,0.108,0.547,0.695,0.00301,0.14,0.641,-4.969,0.0337,144.684,4
61,Omen - Radio Edit,Omen (Radio Edit),Disclosure,27/07/2015,2015,196817,64,0.115,0.671,0.786,0,0.363,0.621,-4.857,0.14,106.057,4
62,Walk the Wire,Limit of Love,Boy & Bear,9/10/2015,2015,179120,34,0.00136,0.535,0.895,0.000449,0.101,0.703,-4.985,0.042,139.477,4
63,L$D,AT.LONG.LAST.A$AP,A$AP Rocky,26/05/2015,2015,238306,75,0.194,0.598,0.252,0.133,0.0992,0.0352,-15.086,0.0644,120.064,4
64,Don't Wanna Fight,Sound & Color,Alabama Shakes,21/04/2015,2015,232530,0,0.235,0.597,0.915,0.0865,0.106,0.555,-3.298,0.152,100.444,4
65,M.O.B.,Switch Tape EP,Tkay Maidza,4/12/2015,2015,194275,0,0.285,0.692,0.852,0,0.194,0.429,-3.454,0.0478,137.95,4
66,Give Me a Try,Glitterbug (Deluxe Edition),The Wombats,14/04/2015,2015,228470,44,0.000815,0.623,0.922,0,0.069,0.681,-3.013,0.0534,135.976,4
67,Shutdown,Shutdown,Skepta,26/04/2015,2015,188938,0,0.126,0.656,0.746,0,0.508,0.824,-4.716,0.314,104.044,3
68,Forces,Forces,Japanese Wallpaper,26/03/2015,2015,252315,0,0.287,0.597,0.754,0.00614,0.264,0.591,-7.264,0.028,156.014,4
69,What Kind Of Man,"How Big, How Blue, How Beautiful (Deluxe)",Florence + The Machine,1/06/2015,2015,216176,51,0.0229,0.313,0.635,0,0.129,0.224,-4.676,0.0431,114.776,4
70,Flesh without Blood,Flesh without Blood,Grimes,26/10/2015,2015,264523,0,0.000904,0.481,0.965,0.000727,0.476,0.66,-2.993,0.0875,155.938,4
71,Anchor,Anchor EP,Birds Of Tokyo,24/04/2015,2015,216096,10,0.0883,0.597,0.716,0,0.14,0.554,-4.771,0.0275,87.979,4
72,Once - Radio Edit,Once,Ngaiire,10/07/2015,2015,267212,0,0.664,0.76,0.48,0.00172,0.105,0.12,-10.455,0.0371,104.995,4
73,Powerful (feat. Ellie Goulding & Tarrus Riley),Peace Is The Mission (Extended),Major Lazer,27/11/2015,2015,206327,0,0.121,0.598,0.792,0,0.158,0.732,-4.043,0.0478,97.479,3
74,Elevator Operator,"Sometimes I Sit and Think, And Sometimes I Just Sit",Courtney Barnett,23/03/2015,2015,194946,0,0.000766,0.682,0.769,0.00898,0.36,0.769,-7.197,0.0324,131.693,4
75,Suddenly,Nothing Touches Me,British India,13/03/2015,2015,267225,0,0.0687,0.532,0.828,5.78E-05,0.111,0.578,-5.081,0.0422,126.811,4
76,Lay Down,Lay Down,DMA'S,29/09/2015,2015,193042,0,0.00177,0.329,0.832,7.77E-05,0.128,0.461,-2.208,0.0383,78.531,4
77,Weathered,Weathered,Jack Garratt,6/07/2015,2015,274174,0,0.0885,0.367,0.497,6.33E-05,0.0792,0.291,-7.311,0.0436,146.63,4
78,Wolves,Wolves,The Cat Empire,9/10/2015,2015,202840,24,0.125,0.659,0.9,0.127,0.347,0.856,-5.461,0.0426,121.244,4
79,"Everyday (feat. Rod Stewart, Miguel & Mark Ronson)",AT.LONG.LAST.A$AP,A$AP Rocky,26/05/2015,2015,260986,73,0.00996,0.394,0.661,0,0.343,0.335,-8.684,0.192,149.818,4
80,Depreston,"Sometimes I Sit and Think, And Sometimes I Just Sit",Courtney Barnett,23/03/2015,2015,292853,0,0.0246,0.692,0.467,1.43E-05,0.059,0.422,-11.577,0.0336,126.407,4
81,Down To Earth - Radio Edit,Down To Earth (Remixes),Flight Facilities,18/05/2015,2015,190812,0,0.0122,0.735,0.622,0.465,0.101,0.417,-5.526,0.0316,121.953,4
82,Heart Attack - Radio Edit,Heart Attack (Remixes),Flight Facilities,7/10/2015,2015,224516,0,0.374,0.707,0.555,0.0728,0.124,0.173,-10.484,0.0606,123.967,4
83,Happy Song,That's The Spirit,Bring Me The Horizon,11/09/2015,2015,239386,66,4.02E-05,0.295,0.924,0.00462,0.377,0.219,-3.407,0.0678,171.941,4
84,begin again,another eternity,Purity Ring,2/03/2015,2015,217201,23,0.0108,0.598,0.565,0.0471,0.307,0.328,-7.764,0.0471,92.126,4
85,Party Machine,Party Machine,The Bennies,6/11/2015,2015,164948,19,0.00713,0.589,0.889,7.92E-05,0.672,0.619,-4.446,0.0545,164.963,4
86,High By The Beach,Honeymoon,Lana Del Rey,18/09/2015,2015,257573,66,0.244,0.536,0.486,0.00788,0.12,0.0968,-11.067,0.0346,131.988,4
87,Gemini (feat. George Maple),Gemini (feat. George Maple),What So Not,3/04/2015,2015,270257,53,0.238,0.481,0.687,0.11,0.107,0.188,-6.748,0.0699,145.971,4
88,Be Your Shadow,Glitterbug (Deluxe Edition),The Wombats,14/04/2015,2015,215693,37,0.0251,0.636,0.965,1.12E-06,0.146,0.551,-2.897,0.064,125.043,4
89,No One (feat. Thelma Plum),XXIV,Golden Features,19/06/2015,2015,295056,46,0.18,0.766,0.549,0.069,0.209,0.255,-10.578,0.0778,119.943,4
90,Indian Summer,Indian Summer,Jai Wolf,9/06/2015,2015,248470,58,0.0246,0.507,0.824,0.0451,0.0848,0.0394,-2.501,0.0526,84.992,4
91,Ghost,BADLANDS (Deluxe),Halsey,28/08/2015,2015,153656,61,0.0529,0.57,0.606,0.000727,0.134,0.212,-8.085,0.129,95.038,4
92,Nobody Really Cares If You Don't Go to the Party,"Sometimes I Sit and Think, And Sometimes I Just Sit",Courtney Barnett,23/03/2015,2015,166080,0,1.64E-05,0.421,0.93,0.128,0.341,0.574,-5.133,0.0741,136.688,4
93,Rumour Mill (feat. Anne-Marie & Will Heard),We the Generation,Rudimental,2/10/2015,2015,243783,50,0.147,0.842,0.534,7.77E-05,0.261,0.761,-8.547,0.171,119.976,4
94,Twilight Driving,Oh Inhuman Spectacle,Methyl Ethel,5/06/2015,2015,239356,51,0.123,0.599,0.744,0.0128,0.365,0.585,-6.502,0.0298,124.034,4
95,Be Together (feat. Wild Belle),Peace Is The Mission,Major Lazer,1/06/2015,2015,233010,0,0.00142,0.497,0.627,0,0.619,0.193,-6.141,0.0319,79.93,4
96,True Friends,That's The Spirit,Bring Me The Horizon,11/09/2015,2015,232320,66,0.000683,0.419,0.938,0,0.114,0.333,-3.12,0.0837,160.151,4
97,Hell Boy,Strange New Past,Seth Sentry,19/06/2015,2015,204000,0,0.0195,0.726,0.792,0,0.0849,0.492,-3.395,0.169,140.102,4
0,Never Be Like You (feat. Kai),Never Be Like You (feat. Kai),Flume,16/01/2016,2016,234909,0,0.446,0.54,0.59,0,0.14,0.267,-4.359,0.0528,119.878,4
1,Adore,Adore,Amy Shark,26/07/2016,2016,184999,0,0.193,0.592,0.438,0,0.0564,0.259,-10.054,0.0391,67.445,4
2,Jungle,Jungle,Tash Sultana,6/09/2016,2016,315602,0,0.276,0.592,0.701,0.000103,0.0882,0.509,-5.879,0.0292,146.032,4
3,1955,"Drinking From The Sun, Walking Under Stars Restrung",Hilltop Hoods,19/02/2016,2016,239280,63,0.719,0.766,0.5,5.91E-06,0.304,0.71,-7.558,0.0695,84.044,4
4,Redbone,Redbone,Childish Gambino,17/11/2016,2016,326880,0,0.194,0.743,0.372,0.014,0.12,0.575,-10.459,0.132,160.07,4
5,Papercuts (feat. Vera Blue),Papercuts (feat. Vera Blue),Illy,8/07/2016,2016,255889,52,0.161,0.369,0.618,0,0.257,0.467,-6.304,0.249,191.863,4
6,Say It,Say It,Flume,21/04/2016,2016,262521,0,0.0665,0.367,0.532,4.09E-06,0.0628,0.261,-6.837,0.0402,70.16,4
7,Stranger (feat. Elliphant),Stranger (feat. Elliphant),Peking Duk,21/10/2016,2016,206393,55,0.045,0.528,0.874,0,0.0888,0.376,-3.028,0.0456,105.042,4
8,Starboy,Starboy,The Weeknd,25/11/2016,2016,230453,1,0.165,0.681,0.594,3.49E-06,0.134,0.535,-7.028,0.282,186.054,4
9,Chameleon,Chameleon,PNAU,4/11/2016,2016,198020,0,0.00149,0.718,0.934,0.000131,0.324,0.239,-3.153,0.0379,119.989,4
10,Cocoon,Cocoon,Milky Chance,11/11/2016,2016,254013,0,0.0715,0.732,0.708,0.000161,0.0824,0.749,-5.978,0.0324,114.033,4
11,Love$ick,Love$ick,Mura Masa,30/09/2016,2016,192154,0,0.138,0.65,0.776,0.00417,0.27,0.772,-5.059,0.139,88.89,4
12,Viceroy,WACO,Violent Soho,18/03/2016,2016,194479,0,0.00284,0.69,0.73,0.000112,0.0696,0.574,-5.54,0.0493,124.019,4
13,Genghis Khan,Genghis Khan,Miike Snow,3/12/2015,2016,212139,41,0.0388,0.699,0.837,2.24E-06,0.581,0.414,-3.264,0.0437,94.005,4
14,Jan-26,Jan-26,A.B. Original,19/08/2016,2016,200816,30,0.0658,0.835,0.63,0,0.264,0.608,-4.221,0.205,98.034,4
15,The Opposite of Us,The Opposite of Us,Big Scary,30/06/2016,2016,262506,0,0.286,0.747,0.802,0.00293,0.102,0.585,-5.768,0.035,117.012,4
16,All Night (feat. Knox Fortune),Coloring Book,Chance the Rapper,27/05/2016,2016,141542,65,0.0358,0.704,0.777,0,0.151,0.392,-5.729,0.195,111.921,4
17,7,7,Catfish and the Bottlemen,20/04/2016,2016,256306,0,0.000238,0.524,0.726,0.00276,0.0978,0.311,-4.92,0.0437,155.089,4
18,On Hold,On Hold,The xx,10/11/2016,2016,224133,0,0.0571,0.725,0.669,0.159,0.107,0.338,-6.582,0.0351,125.046,4
19,Death to the Lads,Death to the Lads,The Smith Street Band,4/11/2016,2016,211573,0,0.0107,0.222,0.854,0.000153,0.317,0.417,-3.859,0.0513,74.626,4
20,Ultralight Beam,The Life Of Pablo,Kanye West,10/06/2016,2016,320680,0,0.627,0.672,0.397,0,0.54,0.372,-8.804,0.381,105.71,4
21,Catch 22 (feat. Anne-Marie),Catch 22 (feat. Anne-Marie),Illy,10/10/2016,2016,221417,42,0.0981,0.765,0.561,0,0.141,0.584,-7.464,0.0987,97.447,4
22,Come on Mess Me Up,Come on Mess Me Up,Cub Sport,19/02/2016,2016,203640,0,0.0621,0.345,0.593,5.72E-06,0.128,0.0392,-5.568,0.0324,149.724,4
23,Because I Love You,Because I Love You,Montaigne,3/06/2016,2016,217626,35,0.115,0.764,0.834,0,0.0364,0.964,-3.45,0.0331,118.006,4
24,Make Them Wheels Roll,Make Them Wheels Roll,SAFIA,4/03/2016,2016,245666,39,0.378,0.729,0.66,0.167,0.118,0.458,-5.53,0.0356,95.029,4
25,Drive,Drive,Gretta Ray,1/08/2016,2016,299519,0,0.0273,0.697,0.475,0.0022,0.101,0.356,-7.763,0.0265,105.997,4
26,Frankie Sinatra,Wildflower,The Avalanches,8/07/2016,2016,224013,0,0.683,0.693,0.854,0,0.683,0.837,-5.816,0.354,95.527,4
27,Our Town,Our Town,Sticky Fingers,15/07/2016,2016,195414,11,0.00108,0.545,0.813,0.000193,0.121,0.628,-5.394,0.0244,90.012,4
28,Innerbloom (What So Not Remix),Innerbloom (What So Not Remix),RÜFÜS DU SOL,18/03/2016,2016,277199,55,0.138,0.417,0.71,5.76E-05,0.152,0.101,-6.628,0.0987,138.369,4
29,One Dance,Views,Drake,6/05/2016,2016,173986,2,0.00784,0.791,0.619,0.00423,0.351,0.371,-5.886,0.0532,103.989,4
30,Notion,Notion,Tash Sultana,17/06/2016,2016,341000,0,0.391,0.352,0.414,0.00831,0.185,0.0688,-6.6,0.0254,60.042,4
31,Bullshit,Bullshit,Dune Rats,6/05/2016,2016,180581,29,9.19E-05,0.499,0.967,0,0.352,0.419,-6.476,0.105,139.002,4
32,Scott Green,Scott Green,Dune Rats,25/11/2016,2016,130586,0,0.000238,0.566,0.93,2.92E-05,0.183,0.536,-5.98,0.161,140.003,4
33,World Of Our Love,World Of Our Love,Client Liaison,2/11/2016,2016,270627,44,0.0706,0.851,0.89,0.000623,0.128,0.579,-6.156,0.0489,116.99,4
34,Sad Songs,Westway (The Glitter & The Slums),Sticky Fingers,30/09/2016,2016,203492,0,0.000116,0.422,0.955,0.0614,0.177,0.299,-2.994,0.0695,127.047,4
35,Smoke & Retribution (feat. Vince Staples & Kucka),Smoke & Retribution (feat. Vince Staples & Kucka),Flume,29/01/2016,2016,241282,0,0.164,0.743,0.574,0,0.0922,0.403,-6.028,0.346,120.877,4
36,Youth,Youth,Glass Animals,18/07/2016,2016,230693,0,0.108,0.648,0.733,0.00473,0.113,0.752,-7.803,0.0306,96.003,4
37,Step Up The Morphine,Hills End,DMA'S,26/02/2016,2016,175214,0,4.70E-05,0.444,0.803,1.12E-06,0.123,0.476,-3.621,0.0309,112.505,4
38,Surfin',Surfin',Kid Cudi,30/09/2016,2016,238386,57,0.11,0.809,0.685,0.00363,0.183,0.827,-7.916,0.045,130.008,4
39,I Feel It Coming,Starboy,The Weeknd,25/11/2016,2016,269186,1,0.429,0.769,0.813,0,0.0952,0.567,-5.9,0.143,92.985,4
40,Heartlines,Heartlines,Broods,10/06/2016,2016,197000,0,0.47,0.659,0.677,0,0.0615,0.273,-4.129,0.0763,90.069,4
41,Final Song,Final Song,MØ,13/05/2016,2016,235826,67,0.014,0.695,0.672,8.44E-05,0.0756,0.245,-6.109,0.0345,104.988,4
42,Satan,Satan,D.D Dumbo,18/05/2016,2016,275893,0,0.28,0.797,0.685,0.496,0.224,0.682,-7.775,0.0922,119.984,4
43,Dang! (feat. Anderson .Paak),The Divine Feminine,Mac Miller,16/09/2016,2016,305350,72,0.00826,0.836,0.67,0.000355,0.0837,0.556,-6.907,0.23,107.018,4
44,Walrus,Walrus,D.D Dumbo,17/08/2016,2016,190986,0,0.301,0.611,0.666,0.121,0.122,0.854,-6.777,0.0631,175.911,4
45,Creepin,Creepin,Kingswood,12/10/2016,2016,226000,0,0.0473,0.397,0.593,0,0.139,0.393,-7.369,0.0372,175.424,4
46,Higher,"Drinking From The Sun, Walking Under Stars Restrung",Hilltop Hoods,19/02/2016,2016,269720,53,0.281,0.737,0.669,0.0151,0.11,0.621,-9.127,0.0483,111.99,4
47,Strange Diseases,Strange Diseases,Gang of Youths,16/05/2016,2016,199586,20,0.00296,0.521,0.769,0.000871,0.508,0.417,-6.143,0.0378,120.959,4
48,Outcast at Last,Outcast at Last,Sticky Fingers,31/03/2016,2016,154149,31,5.93E-05,0.441,0.905,0.0215,0.223,0.752,-3.666,0.0743,183.981,4
49,Blanket,Blanket,Violent Soho,11/07/2016,2016,228573,0,0.00111,0.476,0.912,0.0051,0.601,0.48,-5.101,0.0423,159.956,4
50,Bored To Death,Bored To Death,blink-182,27/04/2016,2016,235613,0,0.00575,0.502,0.966,1.56E-06,0.117,0.638,-3.876,0.0946,159.948,4
51,Say a Prayer For Me,Say a Prayer For Me,RÜFÜS DU SOL,13/01/2016,2016,277324,0,0.227,0.821,0.675,0.019,0.0765,0.551,-6.661,0.0709,116.014,4
52,Twice,Twice,Catfish and the Bottlemen,20/05/2016,2016,196946,0,0.000211,0.409,0.793,0.0338,0.414,0.313,-4.603,0.0772,136.631,4
53,Girlie Bits,Girlie Bits,Ali Barter,30/08/2016,2016,191780,3,0.00297,0.457,0.767,0.0146,0.126,0.453,-5.644,0.0356,153.084,4
54,Solo,Blonde,Frank Ocean,20/08/2016,2016,257380,68,0.849,0.444,0.287,2.82E-06,0.161,0.246,-10.631,0.0375,124.027,4
55,Drinkee,Drinkee,Sofi Tukker,2/10/2015,2016,297507,0,0.0557,0.773,0.663,0.61,0.229,0.324,-8.101,0.0496,115.002,4
56,Gamma Knife,Gamma Knife,King Gizzard & The Lizard Wizard,7/03/2016,2016,261463,0,0.00106,0.326,0.915,0.484,0.401,0.544,-5.269,0.045,104.203,3
57,Marinade,Honey Bones,DOPE LEMON,10/06/2016,2016,237961,0,0.242,0.677,0.74,0.0146,0.105,0.679,-6.528,0.0243,110.193,4
58,Life Itself,Life Itself,Glass Animals,16/05/2016,2016,280415,0,0.0169,0.696,0.62,0.176,0.349,0.674,-8.346,0.0346,111.994,4
59,Alaska,Alaska,Maggie Rogers,17/06/2016,2016,188717,0,0.416,0.853,0.353,0.00614,0.0987,0.141,-12.146,0.043,103.989,4
60,All Fucked Up,This Could Be Heartbreak,The Amity Affliction,12/08/2016,2016,229760,55,0.0338,0.511,0.876,0,0.645,0.291,-4.287,0.0337,142.056,4
61,I Bring the Weather with Me,I Bring the Weather with Me,The Amity Affliction,19/05/2016,2016,276413,27,0.0153,0.283,0.973,0,0.356,0.0962,-3.359,0.288,173.848,4
62,Next To You (feat. Savoi),Next To You (feat. Savoi),L D R U,22/04/2016,2016,176117,34,0.0013,0.443,0.882,0,0.13,0.43,-4.623,0.068,170.123,4
63,So Sentimental,WACO,Violent Soho,18/03/2016,2016,252226,0,0.0052,0.567,0.846,0.13,0.111,0.684,-5.546,0.0285,126.028,4
64,Wolfie (feat. Julia Stone),Wolfie / Funeral,Golden Features,29/11/2016,2016,203636,48,0.0642,0.599,0.585,0.000207,0.0743,0.214,-7.284,0.0725,119.985,4
65,Free,Free,Broods,1/04/2016,2016,222840,0,0.021,0.607,0.757,0,0.248,0.446,-3.536,0.0563,89.992,4
66,Famous,Famous,Kanye West,28/03/2016,2016,196280,0,0.0479,0.357,0.751,0,0.123,0.455,-3.771,0.176,174,4
67,No Shade,No Shade,Violent Soho,30/09/2016,2016,250973,0,0.0229,0.658,0.934,0.000207,0.0927,0.623,-4.861,0.0401,122.006,4
68,Lost (Season One),Lost (Season One),Camp Cope,22/01/2016,2016,232143,18,0.00963,0.302,0.859,0.043,0.105,0.684,-3.066,0.0453,155.676,4
69,Because I'm Me,Wildflower,The Avalanches,8/07/2016,2016,252800,23,0.0491,0.472,0.805,0.0162,0.337,0.512,-5.793,0.086,94.922,4
70,This Could Be Heartbreak,This Could Be Heartbreak,The Amity Affliction,11/07/2016,2016,233760,22,0.101,0.568,0.99,0,0.356,0.545,-2.906,0.0826,131.991,4
71,Soundcheck,Soundcheck,Catfish and the Bottlemen,16/02/2016,2016,261560,0,0.00112,0.602,0.749,0.0764,0.413,0.618,-5.794,0.0385,135.041,4
72,Settle,Settle,Vera Blue,11/03/2016,2016,218230,0,0.331,0.605,0.457,0.0205,0.113,0.201,-7.105,0.0321,81.96,4
73,Burn the Witch,Burn the Witch,Radiohead,3/05/2016,2016,220609,14,0.303,0.541,0.847,0.271,0.109,0.62,-6.52,0.0297,148.937,4
74,Panda,Panda,Desiigner,26/02/2016,2016,247866,1,0.0241,0.679,0.734,1.65E-06,0.369,0.245,-5.542,0.444,145.028,4
75,Gemini Feed,Gemini Feed,BANKS,2/08/2016,2016,186333,33,0.203,0.768,0.654,0.000235,0.168,0.543,-6.223,0.0762,102.01,4
76,Think About It,Think About It,Thundamentals,18/11/2016,2016,234103,0,0.0176,0.69,0.919,0.000283,0.0897,0.269,-3.593,0.0383,122.015,4
77,Simulation,Tkay,Tkay Maidza,28/10/2016,2016,205826,18,0.0708,0.776,0.89,0.000268,0.308,0.916,-4.395,0.049,104.99,4
78,Pink + White,Blonde,Frank Ocean,20/08/2016,2016,184516,78,0.67,0.544,0.552,4.57E-05,0.415,0.554,-7.45,0.0991,159.738,3
79,My Love Is Gone,My Love Is Gone,SAFIA,2/09/2016,2016,257353,25,0.0212,0.731,0.778,0.000169,0.473,0.761,-5.803,0.0473,125.03,4
80,Dopamine (feat. Thief),Dopamine (feat. Thief),Bliss n Eso,29/09/2016,2016,212994,0,0.174,0.557,0.754,0.00028,0.339,0.284,-7.508,0.225,171.939,4
81,Uptown Folks,Uptown Folks,DOPE LEMON,11/03/2016,2016,288013,0,0.0846,0.475,0.824,0.155,0.136,0.408,-4.935,0.0395,117.239,4
82,Me and Your Mama,Me and Your Mama,Childish Gambino,10/11/2016,2016,379213,0,0.0116,0.555,0.454,0.0294,0.0708,0.214,-11.806,0.0338,118.003,3
83,Over You,Over You,SAFIA,1/07/2016,2016,187915,0,0.0145,0.597,0.544,3.02E-06,0.127,0.607,-6.711,0.0859,177.807,4
84,Anything Near Conviction,Anything Near Conviction,Luca Brasi,8/03/2016,2016,227738,17,0.000507,0.504,0.961,0.000112,0.273,0.531,-4.876,0.0645,154.161,4
85,Subways,Subways,The Avalanches,22/06/2016,2016,190906,0,0.17,0.502,0.867,0.0247,0.638,0.547,-6.77,0.0614,111.788,3
86,How To Taste,WACO,Violent Soho,18/03/2016,2016,270773,0,0.000117,0.493,0.91,0.00451,0.425,0.591,-7.184,0.0335,152.98,4
87,High And Low,High And Low,Empire of the Sun,24/08/2016,2016,224840,0,0.0193,0.508,0.782,3.03E-06,0.089,0.286,-4.667,0.0454,126.917,4
88,Fading,Fading,Vallis Alps,17/11/2016,2016,280055,49,0.515,0.662,0.482,0.00553,0.119,0.294,-9.786,0.0464,98.05,4
89,Lose It,Skin,Flume,27/05/2016,2016,225852,0,0.0847,0.606,0.854,0,0.215,0.605,-2.765,0.322,129.977,4
90,Hanging by a Thread (feat. Natalie Foster),Hanging by a Thread (feat. Natalie Foster),Elk Road,2/09/2016,2016,203800,0,0.0104,0.77,0.794,0.0327,0.13,0.107,-5.51,0.026,105.007,4
91,You Don't Think You Like People Like Me,You Don't Think You Like People Like Me,Alex Lahey,23/02/2016,2016,227000,0,0.0179,0.583,0.935,0,0.144,0.549,-2.851,0.186,157.994,4
92,Season 2 Episode 3,Season 2 Episode 3,Glass Animals,22/08/2016,2016,243509,0,0.565,0.739,0.283,2.77E-05,0.239,0.666,-7.965,0.114,148.01,4
93,Too Good,Views,Drake,6/05/2016,2016,263373,1,0.0573,0.804,0.648,3.49E-05,0.102,0.392,-7.805,0.117,117.983,4
94,Brace,Brace,Birds Of Tokyo,21/09/2016,2016,288431,0,0.000939,0.477,0.779,9.51E-06,0.0773,0.133,-5.107,0.0313,157.98,4
95,Panda,Panda,Desiigner,15/12/2015,2015,246595,0,0.15,0.802,0.639,0,0.37,0.35,-7.905,0.361,145.276,4
96,Starboy,Starboy,The Weeknd,21/09/2016,2016,230466,0,0.145,0.679,0.599,2.17E-06,0.143,0.511,-7.081,0.282,185.999,4
97,Starboy,Starboy,The Weeknd,21/09/2016,2016,230466,0,0.145,0.679,0.599,2.17E-06,0.143,0.511,-7.081,0.282,185.999,4
0,HUMBLE.,DAMN.,Kendrick Lamar,14/04/2017,2017,177000,1,0.000243,0.906,0.625,3.23E-05,0.0975,0.423,-6.779,0.0903,150.018,4
1,Let Me Down Easy,Go Farther In Lightness,Gang of Youths,18/08/2017,2017,319346,61,0.22,0.672,0.899,0.302,0.142,0.927,-6.878,0.0323,139.01,4
2,Chateau,Snow,Angus & Julia Stone,15/09/2017,2017,273533,60,0.637,0.661,0.589,0.863,0.111,0.603,-11.217,0.0368,129.987,4
3,Ubu,Ubu,Methyl Ethel,24/01/2017,2017,302786,36,0.00598,0.683,0.722,0.0211,0.115,0.882,-8.321,0.0366,129.991,4
4,"The Deepest Sighs, the Frankest Shadows",Go Farther In Lightness,Gang of Youths,18/08/2017,2017,351613,52,0.0565,0.355,0.812,0.00972,0.141,0.139,-5.861,0.0767,151.818,4
5,Green Light,Melodrama,Lorde,16/06/2017,2017,234652,0,0.0162,0.616,0.714,1.23E-05,0.0817,0.24,-7.792,0.0982,128.924,4
6,Go Bang,Changa,PNAU,10/11/2017,2017,189092,0,0.0714,0.598,0.893,0.0159,0.146,0.485,-3.072,0.0319,120.972,4
7,Sally,Everyone We Know,Thundamentals,10/02/2017,2017,226560,0,0.227,0.723,0.866,0,0.194,0.59,-2.989,0.112,107.944,4
8,Lay It On Me,Lay It On Me,Vance Joy,14/07/2017,2017,214699,0,0.116,0.733,0.673,7.96E-06,0.068,0.487,-5.713,0.0321,128.009,4
9,What Can I Do If the Fire Goes Out?,Go Farther In Lightness,Gang of Youths,18/08/2017,2017,295506,51,0.000317,0.396,0.992,0.148,0.0597,0.0975,-3.504,0.159,99.905,4
10,SWEET,SATURATION II,BROCKHAMPTON,25/08/2017,2017,274274,64,0.543,0.718,0.628,0,0.116,0.722,-6.007,0.223,92.107,4
11,Fake Magic,Fake Magic,Peking Duk,1/06/2017,2017,167058,53,0.0408,0.726,0.862,0.2,0.63,0.701,-2.984,0.104,101.982,4
12,Young Dumb & Broke,American Teen,Khalid,27/04/2017,2017,202546,79,0.199,0.798,0.539,1.66E-05,0.165,0.394,-6.351,0.0421,136.949,4
13,Homemade Dynamite,Melodrama,Lorde,16/06/2017,2017,189796,0,0.252,0.762,0.437,2.86E-06,0.0901,0.217,-5.581,0.0568,106.965,4
14,Regular Touch,Perennial,Vera Blue,21/07/2017,2017,208146,0,0.181,0.617,0.555,5.68E-06,0.111,0.462,-7.802,0.132,93.833,4
15,Feel the Way I Do,Quiet Ferocity,The Jungle Giants,7/07/2017,2017,205146,58,0.0231,0.803,0.636,0.00505,0.0791,0.817,-4.64,0.0322,122.966,4
16,Marryuna,Marryuna,Baker Boy,6/10/2017,2017,194243,39,0.0113,0.751,0.898,0,0.934,0.627,-6.238,0.0936,113.933,4
17,Exactly How You Are,Exactly How You Are,Ball Park Music,15/09/2017,2017,216825,0,0.0225,0.432,0.809,0.00109,0.35,0.612,-5.678,0.0551,141.375,4
18,The Man,Wonderful Wonderful,The Killers,22/09/2017,2017,250093,0,0.0725,0.614,0.944,2.52E-06,0.0708,0.546,-2.545,0.104,106.014,4
19,Let You Down,Let You Down,Peking Duk,13/10/2017,2017,218853,47,0.0387,0.557,0.883,1.61E-05,0.107,0.588,-5.069,0.0656,99.963,4
20,Birthdays,More Scared Of You Than You Are Of Me,The Smith Street Band,7/04/2017,2017,213466,37,0.118,0.488,0.867,0,0.117,0.372,-3.34,0.061,108.124,4
21,Lemon to a Knife Fight,Lemon to a Knife Fight,The Wombats,8/11/2017,2017,205821,31,0.000725,0.556,0.846,0,0.0942,0.722,-3.578,0.044,150.002,4
22,Not Worth Hiding,Not Worth Hiding,Alex the Astronaut,22/08/2017,2017,166913,35,0.0245,0.566,0.65,0.00173,0.158,0.851,-6.782,0.0425,121.407,4
23,rockstar,rockstar,Post Malone,15/09/2017,2017,218320,1,0.13,0.577,0.522,9.03E-05,0.142,0.119,-6.594,0.0984,159.772,4
24,Weekends,Weekends,Amy Shark,17/03/2017,2017,190640,48,0.0423,0.28,0.772,4.58E-05,0.0725,0.356,-5.509,0.141,153.034,3
25,Feel It Still,Feel It Still,Portugal. The Man,2/03/2017,2017,163250,61,0.0406,0.78,0.798,6.31E-05,0.0733,0.771,-5.151,0.0613,78.969,4
26,Be About You,Sponge Cake,Winston Surfshirt,29/09/2017,2017,248590,55,0.383,0.763,0.419,0.00169,0.0732,0.335,-9.916,0.0529,92.044,4
27,Mystik,Mystik,Tash Sultana,6/10/2017,2017,249296,54,0.0223,0.548,0.699,0.000392,0.0903,0.308,-7.149,0.0517,132.798,4
28,Mended,Perennial,Vera Blue,21/07/2017,2017,305120,0,0.208,0.379,0.537,0.00658,0.0641,0.0762,-6.706,0.0405,78.034,4
29,Low Blows,Low Blows,Meg Mac,14/07/2017,2017,212786,43,0.149,0.707,0.706,6.01E-05,0.113,0.469,-5.984,0.0418,97.997,4
30,Lay Down,Visions,Touch Sensitive,15/09/2017,2017,254694,0,0.00343,0.453,0.761,0,0.38,0.346,-6.179,0.114,109.797,4
31,NUMB,NUMB,Hayden James,6/10/2017,2017,217296,0,0.194,0.623,0.562,0,0.091,0.411,-7.08,0.0415,147.906,4
32,Slow Mover,Slow Mover,Angie McMahon,9/10/2017,2017,190093,50,0.391,0.544,0.478,0,0.0824,0.422,-7.099,0.0446,94.935,4
33,DNA.,DAMN.,Kendrick Lamar,14/04/2017,2017,185946,0,0.00402,0.636,0.517,0,0.0874,0.394,-6.759,0.36,139.928,4
34,Passionfruit,More Life,Drake,18/03/2017,2017,298940,1,0.256,0.809,0.463,0.085,0.109,0.364,-11.377,0.0396,111.98,4
35,I Haven’t Been Taking Care Of Myself,I Love You Like A Brother,Alex Lahey,6/10/2017,2017,226649,38,0.000846,0.541,0.884,1.47E-05,0.109,0.486,-4.39,0.0387,95.031,4
36,Slide (feat. Frank Ocean & Migos),Funk Wav Bounces Vol.1,Calvin Harris,30/06/2017,2017,230813,66,0.498,0.736,0.795,1.21E-06,0.254,0.511,-3.299,0.0545,104.066,4
37,bellyache,Bellyache,Billie Eilish,24/02/2017,2017,179172,0,0.468,0.694,0.579,0.0337,0.58,0.41,-8.608,0.0947,99.953,4
38,Got On My Skateboard,Holiday Food,Skegss,7/04/2017,2017,227414,46,0.141,0.498,0.962,0.000425,0.0948,0.673,-3.33,0.0731,78.681,4
39,True Lovers,Paint,Holy Holy,24/02/2017,2017,259964,58,0.433,0.427,0.749,0.0534,0.0903,0.378,-5.092,0.0467,139.031,4
40,Cola,Cola,CamelPhat,16/06/2017,2017,223869,67,0.0245,0.706,0.74,0.512,0.135,0.444,-7.904,0.0325,122.007,3
41,Murder to the Mind,Murder to the Mind,Tash Sultana,21/04/2017,2017,258003,42,0.0916,0.568,0.694,0.00233,0.145,0.577,-5.657,0.0828,86.968,4
42,In Motion (feat. Japanese Wallpaper),In Motion (feat. Japanese Wallpaper),Allday,17/03/2017,2017,223053,0,0.632,0.659,0.435,0.0694,0.0882,0.251,-9.788,0.0571,107.988,4
43,Every Day’s The Weekend,I Love You Like A Brother,Alex Lahey,6/10/2017,2017,190674,42,0.00391,0.464,0.939,0.0038,0.261,0.86,-4.189,0.0436,182.106,4
44,Better,Better,Mallrat,13/10/2017,2017,193923,0,0.115,0.555,0.697,0,0.0963,0.168,-5.488,0.0263,103.934,4
45,Want You Back,Something To Tell You,HAIM,7/07/2017,2017,232120,51,0.121,0.635,0.853,0,0.371,0.372,-3.926,0.048,112.964,4
46,The Comedown,The Comedown,Ocean Alley,11/08/2017,2017,285692,50,0.021,0.721,0.448,0.000614,0.094,0.549,-8.368,0.0417,125.894,4
47,Passiona,More Scared Of You Than You Are Of Me,The Smith Street Band,7/04/2017,2017,225173,41,0.293,0.358,0.767,0,0.103,0.549,-4.261,0.0578,110.49,4
48,On Your Way Down,On Your Way Down,The Jungle Giants,12/05/2017,2017,225000,39,0.00307,0.721,0.782,0.0256,0.0628,0.62,-5.257,0.0423,148.988,4
49,Man's Not Hot,Man's Not Hot,Big Shaq,22/09/2017,2017,186026,1,0.11,0.895,0.885,4.04E-05,0.106,0.633,-4.182,0.268,134.973,4
50,Glorious (feat. Skylar Grey),GEMINI,Macklemore,22/09/2017,2017,220454,75,0.0323,0.731,0.794,2.59E-05,0.112,0.356,-5.126,0.0522,139.994,4
51,Moments (feat. Gavin James),Off The Grid,Bliss n Eso,28/04/2017,2017,237613,0,0.387,0.632,0.724,0,0.0991,0.311,-7.183,0.326,82.227,4
52,Homely Feeling,Homely Feeling,Hockey Dad,20/10/2017,2017,140642,0,0.000354,0.46,0.758,0,0.0818,0.545,-5.426,0.0571,137.805,4
53,6 Pack,The Kids Will Know It's Bullshit,Dune Rats,20/01/2017,2017,176158,41,0.00198,0.609,0.903,1.73E-06,0.601,0.825,-4.667,0.05,131.905,4
54,Watch Me Read You,Watch Me Read You,Odette,17/08/2017,2017,269332,0,0.624,0.903,0.603,4.48E-06,0.288,0.315,-5.846,0.19,122.045,4
55,Bad Dream,Quiet Ferocity,The Jungle Giants,7/07/2017,2017,271840,51,0.00177,0.686,0.579,0.301,0.066,0.319,-6.104,0.0317,135.006,4
56,The Opener,The Opener,Camp Cope,16/11/2017,2017,220174,22,0.297,0.567,0.757,0,0.1,0.759,-5.998,0.0375,97.183,4
57,Used to Be in Love,Quiet Ferocity,The Jungle Giants,7/07/2017,2017,222786,61,0.0022,0.83,0.631,0.0359,0.0539,0.877,-5.238,0.0313,128.013,4
58,Boys,Boys,Charli XCX,26/07/2017,2017,162585,64,0.0646,0.867,0.545,0.000289,0.0505,0.525,-5.192,0.0625,139.943,4
59,21 Grams,Everyone We Know,Thundamentals,10/02/2017,2017,241466,0,0.267,0.612,0.847,0,0.225,0.48,-3.225,0.0971,145.917,4
60,Saved,American Teen,Khalid,27/04/2017,2017,206533,70,0.189,0.739,0.448,0,0.118,0.553,-10.28,0.138,81.044,4
61,Life Goes On,Life Goes On,E^ST,29/09/2017,2017,210455,51,0.653,0.701,0.605,0,0.0753,0.505,-6.024,0.0297,106.968,4
62,Fool's Gold,Fool's Gold,Jack River,22/06/2017,2017,257134,0,0.0158,0.438,0.661,0,0.103,0.355,-6.412,0.0319,79.874,4
63,Everything Now,Everything Now,Arcade Fire,28/07/2017,2017,303013,62,0.00171,0.548,0.865,0.000449,0.457,0.61,-5.325,0.0302,116.046,4
64,Lemon,NO ONE EVER REALLY DIES,N.E.R.D,15/12/2017,2017,219706,62,0.00214,0.916,0.727,0.000145,0.118,0.201,-6.556,0.0861,94.997,4
65,Shred For Summer,Shred For Summer,DZ Deathrays,3/08/2017,2017,239521,0,0.000129,0.457,0.912,7.48E-06,0.292,0.229,-4.695,0.0534,107.06,4
66,Golden,"After Hours, Close To Dawn",Kingswood,17/02/2017,2017,202000,47,0.529,0.735,0.494,0.00374,0.159,0.436,-8.657,0.0427,80.003,3
67,"I Love You, Will You Marry Me",YUNGBLUD,YUNGBLUD,19/01/2018,2017,177600,0,3.98E-05,0.519,0.907,0,0.089,0.564,-4.773,0.0605,149.956,4
68,Amsterdam,Broken Machine (Deluxe),Nothing But Thieves,8/09/2017,2017,272240,64,0.00403,0.511,0.934,3.48E-05,0.242,0.668,-4.561,0.242,168.062,4
69,Perfect Places,Melodrama,Lorde,16/06/2017,2017,221874,0,0.00289,0.621,0.574,3.04E-05,0.128,0.537,-5.325,0.0555,104.344,4
70,In Cold Blood,RELAXER,alt-J,2/06/2017,2017,206853,0,0.145,0.497,0.712,0.000426,0.264,0.605,-6.536,0.0374,143.442,4
71,Nuclear Fusion,Flying Microtonal Banana,King Gizzard & The Lizard Wizard,24/02/2017,2017,255453,0,0.337,0.427,0.783,0.811,0.162,0.608,-6.256,0.0391,86.633,4
72,XO Tour Llif3,Luv Is Rage 2,Lil Uzi Vert,25/08/2017,2017,182706,82,0.00264,0.732,0.75,0,0.109,0.401,-6.366,0.231,155.096,4
73,Braindead,The Kids Will Know It's Bullshit,Dune Rats,20/01/2017,2017,182340,35,1.23E-05,0.436,0.953,0.446,0.112,0.52,-5.406,0.06,134.86,4
74,Cloud 9,Cloud 9,Baker Boy,27/04/2017,2017,194707,35,0.111,0.857,0.683,0,0.205,0.365,-6.789,0.382,109.832,4
75,Million Man,Million Man,The Rubens,27/10/2017,2017,192106,0,0.203,0.472,0.544,0,0.0986,0.312,-5.611,0.0997,98.873,4
76,Electric Feel - triple j Like A Version,Electric Feel (triple j Like A Version),Tash Sultana,15/12/2017,2017,514893,45,0.857,0.495,0.459,0.283,0.108,0.244,-8.585,0.045,127.64,4
77,"Hey, Did I Do You Wrong?",The Water,San Cisco,5/05/2017,2017,184333,38,0.475,0.692,0.753,0,0.334,0.889,-7.278,0.0315,105.037,4
78,Say Something Loving,I See You,The xx,13/01/2017,2017,238373,27,0.296,0.627,0.721,6.41E-05,0.231,0.383,-7.782,0.0304,130.08,4
79,Liability,Melodrama,Lorde,16/06/2017,2017,171727,0,0.923,0.534,0.218,0,0.0944,0.345,-11.16,0.111,76.715,4
80,1-800-273-8255,Everybody,Logic,5/05/2017,2017,250173,1,0.568,0.627,0.572,1.52E-06,0.198,0.361,-7.738,0.0373,100.041,4
81,Blood Brothers,Night Thinker - EP,Amy Shark,21/04/2017,2017,225865,39,0.0251,0.645,0.733,0,0.455,0.271,-6.28,0.209,91.02,4
82,Oceans,Oceans,Vallis Alps,1/09/2017,2017,199948,47,0.153,0.752,0.645,0.0154,0.229,0.425,-8.594,0.0307,119.973,4
83,Does This Last,Does This Last,Boo Seeka,23/02/2017,2017,212741,44,0.411,0.447,0.637,4.84E-06,0.118,0.155,-7.074,0.0349,140.978,3
84,Maybe It’s My First Time,Low Blows,Meg Mac,14/07/2017,2017,213240,38,0.339,0.704,0.645,0,0.162,0.606,-6.515,0.0334,90.975,4
85,The Way You Used to Do,Villains,Queens of the Stone Age,25/08/2017,2017,274281,34,0.0102,0.474,0.843,0.104,0.362,0.433,-5.909,0.272,97.691,4
86,Dawning,Dawning,DMA'S,4/10/2017,2017,189005,0,5.49E-05,0.302,0.858,0,0.383,0.503,-1.808,0.0388,140.131,4
87,Hyperreal,Hyperreal,Flume,5/05/2017,2017,254062,0,0.0354,0.65,0.842,0.0619,0.155,0.535,-5.211,0.309,109.868,4
88,Big For Your Boots,Gang Signs & Prayer,Stormzy,24/02/2017,2017,238418,59,0.0313,0.515,0.902,0,0.093,0.628,-4.729,0.383,174.589,5
89,LOVE. FEAT. ZACARI.,DAMN.,Kendrick Lamar,14/04/2017,2017,213400,0,0.289,0.801,0.58,0,0.153,0.777,-7.311,0.1,126.062,4
90,Do What You Want,Do What You Want,The Presets,1/11/2017,2017,181133,0,0.00123,0.666,0.839,0.0021,0.145,0.845,-5.493,0.0827,144.965,4
91,Second Hand Car,Weight_Falls,Kim Churchill,18/08/2017,2017,221493,45,0.0651,0.649,0.81,2.32E-06,0.0847,0.634,-5.574,0.0486,103.157,4
92,Mask Off,FUTURE,Future,30/06/2017,2017,204600,79,0.0102,0.833,0.434,0.0219,0.165,0.281,-8.795,0.431,150.062,4
93,Chasin',BATS,Cub Sport,22/09/2017,2017,191160,46,0.201,0.471,0.667,2.26E-06,0.0869,0.319,-6.395,0.0435,94.025,4
94,LOYALTY. FEAT. RIHANNA.,DAMN.,Kendrick Lamar,14/04/2017,2017,227360,0,0.021,0.681,0.523,0,0.178,0.473,-8.963,0.0542,110.812,4
95,Snow,Snow,Angus & Julia Stone,15/09/2017,2017,252160,45,0.16,0.741,0.571,0.0076,0.113,0.813,-7.541,0.0289,105.732,4
96,Arty Boy,Arty Boy,Flight Facilities,21/06/2017,2017,232188,0,0.305,0.855,0.523,0,0.0675,0.628,-4.559,0.0374,117.025,4
97,Don't Leave,Don't Leave,Snakehips,6/01/2017,2017,214693,64,0.222,0.657,0.703,0,0.256,0.338,-3.402,0.0753,122.381,4
0,Sundress,Sundress,A$AP Rocky,20/11/2018,2018,158205,76,0.181,0.721,0.707,3.68E-06,0.143,0.743,-6.364,0.0595,125.005,4
1,Everybody But You,I Love Songs,Thundamentals,21/09/2018,2018,214359,50,0.299,0.585,0.56,0,0.154,0.586,-7.992,0.175,167.903,4
2,You Can Count On Me,You Can Count On Me,Trophy Eyes,30/05/2018,2018,191626,0,0.0362,0.536,0.881,0,0.363,0.542,-2.733,0.047,160.002,4
3,Ivy (Doomsday),Misery,The Amity Affliction,24/08/2018,2018,214493,52,0.00958,0.5,0.833,0,0.167,0.451,-5.545,0.0404,145.955,4
4,Four Out Of Five,Tranquility Base Hotel & Casino,Arctic Monkeys,10/05/2018,2018,312346,39,0.0626,0.601,0.863,0,0.0717,0.676,-4.31,0.0685,130.189,4
5,Take It To The Heart,To A Stranger,Odette,6/07/2018,2018,215413,0,0.103,0.86,0.758,7.00E-06,0.187,0.67,-4.439,0.0597,110.022,4
6,Do I Need You Now?,For Now,DMA'S,27/04/2018,2018,283846,0,0.000544,0.411,0.784,0,0.189,0.623,-6.617,0.0623,81.023,4
7,Ghost Town,ye,Kanye West,1/06/2018,2018,271386,74,0.0969,0.573,0.545,0,0.329,0.297,-4.247,0.0288,83.378,4
8,Polygraph Eyes,21st Century Liability,YUNGBLUD,6/07/2018,2018,223948,56,0.0431,0.5,0.754,0,0.492,0.52,-4.619,0.0437,92.003,4
9,Happy Sad,Chiaroscuro,Ocean Alley,9/03/2018,2018,330594,51,0.00134,0.477,0.737,0.00613,0.104,0.301,-9.262,0.0495,124.023,4
10,Psycho (feat. Ty Dolla $ign),beerbongs & bentleys,Post Malone,27/04/2018,2018,221440,78,0.546,0.75,0.56,0,0.111,0.459,-8.094,0.105,140.06,4
11,Dazed & Confused,Dazed & Confused,Ruel,27/04/2018,2018,189608,69,0.102,0.688,0.5,0,0.355,0.418,-7.411,0.138,127.906,3
12,Labrador,Labrador,WAAX,27/04/2018,2018,221402,0,0.000632,0.498,0.791,2.81E-05,0.315,0.468,-3.759,0.0963,120.039,4
13,Younger,Younger,Ruel,5/06/2018,2018,222320,66,0.202,0.745,0.477,0,0.12,0.454,-7.706,0.088,136.055,4
14,Dirt Cheap,Dirt Cheap,Lime Cordiale,2/11/2018,2018,175126,49,0.747,0.687,0.796,0.00159,0.283,0.737,-7.699,0.133,136.012,4
15,Bubblin,Bubblin,Anderson .Paak,17/05/2018,2018,209093,60,0.0731,0.568,0.873,0,0.367,0.547,-5.22,0.265,106.783,5
16,Cigarettes,Flow State,Tash Sultana,31/08/2018,2018,322715,55,0.032,0.557,0.753,6.86E-05,0.0598,0.562,-5.052,0.233,158.023,4
17,1999 WILDFIRE,1999 WILDFIRE,BROCKHAMPTON,7/07/2018,2018,251250,64,0.253,0.811,0.57,0,0.148,0.814,-8.093,0.129,128.066,4
18,Hunger,Hunger,Florence + The Machine,3/05/2018,2018,214666,49,0.53,0.729,0.675,0,0.0985,0.332,-5.62,0.0415,116.016,4
19,Ballroom,Sugar Mountain,Jack River,22/06/2018,2018,195829,0,0.155,0.514,0.721,0,0.0833,0.137,-4.982,0.0356,122.898,4
20,Nothing Breaks Like a Heart (feat. Miley Cyrus),Nothing Breaks Like a Heart (feat. Miley Cyrus),Mark Ronson,30/11/2018,2018,217466,74,0.00987,0.601,0.794,1.36E-06,0.388,0.244,-5.844,0.0671,114.066,4
21,Clumsy Love,Clumsy Love,Thelma Plum,13/07/2018,2018,187640,48,0.467,0.689,0.728,0,0.116,0.56,-5.528,0.0379,84.998,4
22,Better Together,Better Together,Hayden James,2/11/2018,2018,236866,0,0.109,0.759,0.812,0.0117,0.327,0.753,-6.972,0.0542,116.009,4
23,Miracle,Love Is Dead,CHVRCHES,25/05/2018,2018,188251,0,0.015,0.577,0.751,0,0.189,0.44,-4.204,0.0314,124.004,4
24,Clarity,Clarity,Polish Club,5/10/2018,2018,246706,0,0.00379,0.595,0.92,0.0279,0.37,0.232,-3.638,0.0523,113.98,4
25,Molotov,Molotov,Kira Puru,7/06/2018,2018,208110,41,0.0186,0.686,0.754,2.59E-05,0.085,0.507,-5.707,0.0352,91.966,4
26,Pussy Is God,Pussy Is God,King Princess,2/11/2018,2018,205533,60,0.049,0.739,0.621,0.00369,0.0718,0.462,-6.929,0.238,85.969,4
27,Sweet Release,Blend Inn,Hockey Dad,9/02/2018,2018,207430,0,6.75E-06,0.26,0.867,0.000665,0.0575,0.662,-6.163,0.0452,141.589,4
28,Smogged Out,My Own Mess,Skegss,7/09/2018,2018,174155,43,0.00149,0.569,0.848,0,0.267,0.836,-6.179,0.0287,127.819,4
29,UFO,UFO,Mallrat,9/02/2018,2018,187078,0,0.0297,0.682,0.72,0,0.118,0.448,-6.514,0.0359,129.99,4
30,Cheetah Tongue,Beautiful People Will Ruin Your Life,The Wombats,9/02/2018,2018,219481,42,0.043,0.525,0.968,0.000463,0.133,0.591,-3.075,0.0553,95.006,4
31,Eastside (with Halsey & Khalid),FRIENDS KEEP SECRETS,benny blanco,7/12/2018,2018,170769,72,0.549,0.632,0.686,0,0.2,0.329,-7.665,0.243,89.949,4
32,Tints (feat. Kendrick Lamar),Oxnard,Anderson .Paak,16/11/2018,2018,268400,61,0.0859,0.805,0.833,0,0.0578,0.703,-6.73,0.12,109.076,4
33,Need You,Need You,Flight Facilities,28/02/2018,2018,200525,2,0.224,0.759,0.739,0.0124,0.0966,0.444,-6.501,0.0337,117.982,4
34,Scream Whole,Scream Whole,Methyl Ethel,27/09/2018,2018,252424,32,0.231,0.794,0.71,0.00131,0.0735,0.519,-7.24,0.0614,126.027,4
35,Mistake,Lost Friends,Middle Kids,4/05/2018,2018,212613,40,0.0331,0.515,0.896,2.81E-06,0.0601,0.503,-2.825,0.0511,134.977,4
36,BOOGIE,BOOGIE,BROCKHAMPTON,12/12/2017,2017,193154,34,0.0137,0.604,0.933,0,0.37,0.28,-3.034,0.214,110.029,4
37,Killing My Time,Killing My Time,G Flip,16/05/2018,2018,217148,0,0.442,0.838,0.609,1.99E-06,0.0742,0.609,-5.865,0.0446,102.988,4
38,I Wanna Be Everybody,Blend Inn,Hockey Dad,9/02/2018,2018,218858,0,8.09E-05,0.492,0.863,2.53E-06,0.0892,0.753,-6.468,0.0411,110.393,4
39,The End,For Now,DMA'S,27/04/2018,2018,264595,0,0.00543,0.35,0.855,0,0.35,0.327,-6.307,0.0585,103.013,4
40,Give Me My Name Back,Give Me My Name Back,Meg Mac,12/10/2018,2018,191605,37,0.0235,0.585,0.556,2.55E-06,0.1,0.186,-6.05,0.0415,81.012,4
41,Soaked,Soaked,Bene,14/09/2018,2018,241935,0,0.485,0.792,0.54,0,0.104,0.577,-5.975,0.0342,93.001,4
42,Martini,Hi Viz,The Presets,1/06/2018,2018,240080,51,0.00645,0.817,0.673,0.151,0.15,0.684,-8.223,0.0819,126.042,4
43,Without Me,Without Me,Halsey,4/10/2018,2018,201660,81,0.297,0.752,0.488,9.11E-06,0.0936,0.533,-7.05,0.0705,136.041,4
44,Wasted,Wasted,Peking Duk,2/02/2018,2018,182370,52,0.00169,0.693,0.76,0.000977,0.121,0.751,-5.433,0.0353,115,4
45,Saturday Sun,Nation of Two,Vance Joy,23/02/2018,2018,214746,0,0.497,0.628,0.869,0,0.169,0.701,-4.339,0.0489,99.97,4
46,We're Going Home,Nation of Two,Vance Joy,23/02/2018,2018,207906,0,0.289,0.589,0.688,3.59E-06,0.139,0.453,-5.443,0.0301,95.902,4
47,Better,Suncity,Khalid,18/10/2018,2018,229320,75,0.0765,0.596,0.552,0.334,0.104,0.112,-10.278,0.097,97.949,4
48,Mr La Di Da Di,Mr La Di Da Di,Baker Boy,11/04/2018,2018,200214,40,0.126,0.806,0.734,0,0.909,0.642,-7.763,0.276,100.935,4
49,No Place,Solace,RÜFÜS DU SOL,19/10/2018,2018,238920,49,0.0161,0.616,0.867,0.125,0.147,0.198,-6.232,0.0315,120.018,4
50,Missing Me,Missing Me,Angie McMahon,26/02/2018,2018,199880,37,0.269,0.429,0.396,7.94E-05,0.0955,0.382,-8.41,0.057,99.155,4
51,When I Dream,When I Dream,San Cisco,7/09/2018,2018,190472,48,0.0598,0.666,0.827,0,0.27,0.899,-6.618,0.0301,122.979,4
52,Like People,Bloody Lovely,DZ Deathrays,2/02/2018,2018,241756,0,0.00127,0.43,0.89,1.28E-06,0.401,0.493,-5.861,0.0759,139.978,4
53,you should see me in a crown,you should see me in a crown,Billie Eilish,18/07/2018,2018,180566,1,0.479,0.697,0.552,0.127,0.147,0.278,-10.271,0.196,75.235,4
54,MANTRA,MANTRA,Bring Me The Horizon,21/08/2018,2018,233297,59,0.000477,0.502,0.817,0,0.153,0.617,-3.508,0.0447,90.024,4
55,Clark Griswold,Clark Griswold,Hilltop Hoods,13/07/2018,2018,227106,0,0.193,0.828,0.69,9.50E-06,0.0947,0.832,-5.732,0.0804,95.997,4
56,God's Plan,Scorpion,Drake,29/06/2018,2018,198973,82,0.0332,0.754,0.449,8.29E-05,0.552,0.357,-9.211,0.109,77.169,4
57,Laps Around The Sun,Laps Around The Sun,Ziggy Alberts,9/11/2018,2018,206166,61,0.475,0.768,0.472,0,0.11,0.145,-10.047,0.0493,110.024,4
58,In The Air,For Now,DMA'S,27/04/2018,2018,241318,0,0.183,0.414,0.712,0,0.254,0.502,-6.162,0.0304,144.006,4
59,Nice For What,Scorpion,Drake,29/06/2018,2018,210746,76,0.0891,0.585,0.909,9.70E-05,0.119,0.758,-6.474,0.0707,93.372,4
60,The Perfect Life Does Not Exist,The Perfect Life Does Not Exist,Ball Park Music,15/12/2017,2017,201670,0,0.00748,0.434,0.649,0,0.374,0.454,-7.489,0.0295,94.065,4
61,About You,About You,G Flip,2/03/2018,2018,247771,0,0.239,0.564,0.592,4.74E-06,0.104,0.076,-7.598,0.0486,112.743,4
62,Love Me Now,Laps Around The Sun,Ziggy Alberts,9/11/2018,2018,243800,56,0.328,0.739,0.378,1.11E-06,0.128,0.591,-10.25,0.033,109.003,4
63,All Loved Up,Love Monster,Amy Shark,13/07/2018,2018,210000,53,0.0264,0.565,0.603,4.02E-05,0.0738,0.171,-6.33,0.177,177.996,4
64,Ladders,Swimming,Mac Miller,3/08/2018,2018,287040,71,0.236,0.802,0.463,0.00531,0.105,0.291,-8.379,0.162,103.961,4
65,1950,1950,King Princess,23/02/2018,2018,225133,76,0.648,0.6,0.535,4.70E-06,0.162,0.269,-7.043,0.107,71.912,4
66,Better Now,beerbongs & bentleys,Post Malone,27/04/2018,2018,231266,82,0.331,0.68,0.578,0,0.135,0.341,-5.804,0.04,145.038,4
67,God Forgot,LO LA RU,The Rubens,29/06/2018,2018,212173,0,0.449,0.692,0.737,4.78E-06,0.462,0.487,-5.798,0.15,118.897,4
68,Church,Awake,Alison Wonderland,6/04/2018,2018,183912,53,0.0251,0.551,0.681,0,0.481,0.227,-4.873,0.0401,94.052,4
69,Sometimes,Sometimes,Cub Sport,5/10/2018,2018,153666,41,0.212,0.607,0.59,0,0.171,0.427,-7.518,0.0328,118.868,4
70,Fire,Reprisal,Peking Duk,11/05/2018,2018,226350,58,0.0256,0.679,0.69,8.92E-06,0.07,0.648,-2.744,0.054,99.949,4
71,All The Stars (with SZA),Black Panther The Album Music From And Inspired By,Kendrick Lamar,9/02/2018,2018,232186,79,0.0605,0.698,0.633,0.000194,0.0926,0.552,-4.946,0.0597,96.924,4
72,Sunflower - Spider-Man: Into the Spider-Verse,Spider-Man: Into the Spider-Verse (Soundtrack From & Inspired by the Motion Picture),Various Artists,14/12/2018,2018,158040,83,0.556,0.76,0.479,0,0.0703,0.913,-5.574,0.0466,89.911,4
73,All The Pretty Girls,All The Pretty Girls,Vera Blue,26/10/2018,2018,202628,52,0.415,0.708,0.591,0,0.117,0.618,-5.825,0.0348,120.976,4
74,I Miss You,I Love Songs,Thundamentals,21/09/2018,2018,205255,51,0.586,0.73,0.69,0.000112,0.184,0.87,-7.019,0.103,147.89,4
75,Leave Me Lonely,Leave Me Lonely,Hilltop Hoods,23/11/2018,2018,194560,0,0.279,0.764,0.868,0,0.175,0.754,-5.827,0.0505,131.031,4
76,Treat You Better,Solace,RÜFÜS DU SOL,19/10/2018,2018,273666,55,0.361,0.612,0.54,5.82E-06,0.102,0.197,-5.886,0.0338,121.952,4
77,Underwater,Solace,RÜFÜS DU SOL,19/10/2018,2018,349893,54,0.0181,0.604,0.82,0.0168,0.115,0.44,-6.64,0.0342,117.996,4
78,Never Ever (feat. Sarah),LO LA RU,The Rubens,29/06/2018,2018,199786,0,0.398,0.729,0.399,0,0.124,0.239,-7.159,0.04,111.893,4
79,Waiting,Waiting,KIAN,30/11/2018,2018,215653,0,0.372,0.787,0.448,0,0.0779,0.471,-7.671,0.0508,138.03,4
80,Peach,Peach,Broods,9/08/2018,2018,255397,0,0.00875,0.688,0.738,3.89E-05,0.257,0.251,-4.829,0.0405,111.022,4
81,Join The Club,Blend Inn,Hockey Dad,9/02/2018,2018,197665,0,0.000124,0.303,0.967,0,0.0769,0.228,-4.561,0.147,159.932,4
82,lovely (with Khalid),lovely (with Khalid),Billie Eilish,19/04/2018,2018,200185,87,0.934,0.351,0.296,0,0.095,0.12,-10.109,0.0333,115.284,4
83,Baby Come Back,Baby Come Back (triple j Like A Version),Ocean Alley,18/05/2018,2018,289065,57,0.11,0.492,0.544,2.60E-05,0.0934,0.373,-9.13,0.0449,148.674,4
84,Just Friends,Just Friends,Hayden James,27/04/2018,2018,238991,0,0.105,0.639,0.685,0,0.143,0.363,-4.571,0.049,110.041,4
85,I'm Good,I'm Good,Wafia,10/08/2018,2018,217136,0,0.0236,0.738,0.696,9.09E-05,0.338,0.892,-3.59,0.0305,101.989,4
86,Praise The Lord (Da Shine) (feat. Skepta),TESTING,A$AP Rocky,25/05/2018,2018,205040,79,0.0609,0.854,0.569,0.0816,0.1,0.294,-8.151,0.106,80.015,4
87,Turn,Beautiful People Will Ruin Your Life,The Wombats,9/02/2018,2018,207679,49,0.0084,0.548,0.842,0,0.0779,0.38,-3.902,0.0489,105.121,4
88,Up In The Clouds,My Own Mess,Skegss,7/09/2018,2018,149623,52,0.012,0.542,0.758,0,0.274,0.489,-5.032,0.0286,104.944,4
89,Knees,Chiaroscuro,Ocean Alley,9/03/2018,2018,286785,61,0.0524,0.549,0.594,2.74E-06,0.312,0.365,-9.359,0.0452,119.935,4
90,Dinosaurs,Dinosaurs,Ruby Fields,18/09/2018,2018,233359,41,0.658,0.487,0.392,3.20E-05,0.0977,0.206,-7.613,0.03,153.979,4
91,when the party's over,when the party's over,Billie Eilish,17/10/2018,2018,199931,13,0.979,0.498,0.104,7.86E-05,0.0895,0.205,-14.08,0.0621,124.001,3
92,Groceries,In The Sky,Mallrat,1/06/2018,2018,217284,59,0.127,0.688,0.539,4.16E-05,0.116,0.207,-8.587,0.0353,115.964,4
93,Be Alright,Be Alright,Dean Lewis,29/06/2018,2018,196373,80,0.697,0.553,0.586,0,0.0813,0.443,-6.319,0.0362,126.684,4
94,I Said Hi,Love Monster,Amy Shark,13/07/2018,2018,170413,56,0.00469,0.393,0.855,0,0.0735,0.328,-4.329,0.122,74.304,4
95,This Is America,This Is America,Childish Gambino,6/05/2018,2018,225773,0,0.117,0.854,0.463,0,0.354,0.549,-6.159,0.137,120.024,4
96,SICKO MODE,ASTROWORLD,Travis Scott,3/08/2018,2018,312820,85,0.00513,0.834,0.73,0,0.124,0.446,-3.714,0.222,155.008,4
97,Losing It,Losing It,FISHER,13/07/2018,2018,248035,57,0.00182,0.76,0.964,0.7,0.0974,0.641,-5.844,0.0576,125,4
98,Confidence,Chiaroscuro,Ocean Alley,9/03/2018,2018,253076,66,0.0637,0.59,0.562,0,0.105,0.561,-9.607,0.0505,140.835,4
0,bad guy,"WHEN WE ALL FALL ASLEEP, WHERE DO WE GO?",Billie Eilish,29/03/2019,2019,194087,86,0.328,0.701,0.425,0.13,0.1,0.562,-10.965,0.375,135.128,4
1,Rushing Back,Rushing Back,Flume,25/09/2019,2019,231663,69,0.357,0.574,0.612,0,0.158,0.368,-4.741,0.0781,136.046,3
2,Charlie,Driving Music,Mallrat,6/09/2019,2019,190953,58,0.202,0.624,0.589,2.00E-05,0.0974,0.286,-6.799,0.0302,115.09,4
3,Dance Monkey,Dance Monkey,Tones And I,10/05/2019,2019,209754,68,0.688,0.825,0.593,0.000161,0.17,0.54,-6.401,0.0988,98.078,4
4,Bulls On Parade - triple j Like A Version,Bulls On Parade (triple j Like A Version),Denzel Curry,15/03/2019,2019,269686,50,0.000491,0.228,0.919,3.24E-05,0.0878,0.696,-7.953,0.317,176.192,4
5,Drink Too Much,About Us,G Flip,30/08/2019,2019,220627,0,0.0681,0.704,0.683,0,0.166,0.71,-4.536,0.0412,93.959,4
6,Robbery,Robbery,Lime Cordiale,20/09/2019,2019,223233,56,0.421,0.687,0.708,0.242,0.213,0.89,-8.133,0.0891,152.937,4
7,Heavy Hearted,Heavy Hearted,The Jungle Giants,8/07/2019,2019,256581,63,0.00166,0.642,0.887,2.73E-05,0.0906,0.246,-4.566,0.0563,127.062,4
8,Better in Blak,Better in Blak,Thelma Plum,26/04/2019,2019,192466,45,0.0186,0.673,0.849,0.000274,0.116,0.375,-5.242,0.0544,148.002,4
9,Exit Sign,The Great Expanse,Hilltop Hoods,22/02/2019,2019,223386,62,0.126,0.698,0.789,0,0.0768,0.814,-5.736,0.203,99.83,4
10,Circles,Hollywood's Bleeding,Post Malone,6/09/2019,2019,215280,87,0.192,0.695,0.762,0.00244,0.0863,0.553,-3.497,0.0395,120.042,4
11,By Myself,Almost Free,FIDLAR,25/01/2019,2019,214640,46,0.00433,0.634,0.898,0,0.332,0.778,-4.265,0.0996,120.972,4
12,Inappropriate Behaviour,Inappropriate Behaviour,Lime Cordiale,17/05/2019,2019,253066,56,0.0436,0.6,0.734,0.0148,0.0941,0.695,-7.619,0.066,93.016,4
13,Purple Hat,Purple Hat,Sofi Tukker,6/09/2019,2019,178369,71,0.331,0.777,0.744,0.0073,0.088,0.654,-7.42,0.204,94.019,4
14,Never Seen the Rain,Never Seen the Rain,Tones And I,15/07/2019,2019,200755,64,0.44,0.485,0.461,0,0.232,0.324,-5.646,0.0444,87.009,4
15,everything i wanted,everything i wanted,Billie Eilish,13/11/2019,2019,245425,84,0.902,0.704,0.225,0.657,0.106,0.243,-14.454,0.0994,120.006,4
16,I Touch Myself - triple j Like A Version,I Touch Myself (triple j Like A Version),Lime Cordiale,18/10/2019,2019,215308,58,0.0138,0.621,0.644,0,0.0703,0.724,-7.291,0.0269,112.049,4
17,Borderline,Borderline,Tame Impala,12/04/2019,2019,274293,13,0.0476,0.598,0.71,1.77E-05,0.1,0.726,-6.839,0.0272,97.976,4
18,Glitter,FIRE ON MARZZ,BENEE,28/06/2019,2019,180146,72,0.0863,0.801,0.589,0,0.162,0.58,-5.157,0.0485,116.934,4
19,Silver,Silver,DMA'S,25/10/2019,2019,259858,44,0.00812,0.504,0.748,0,0.173,0.371,-6.032,0.0311,119.008,4
20,Pub Feed,Pub Feed,The Chats,22/03/2019,2019,146000,40,0.00355,0.546,0.967,1.83E-05,0.451,0.773,-6.167,0.0437,96.898,4
21,Painkiller,Painkiller,Ruel,30/04/2019,2019,213597,63,0.105,0.675,0.414,0,0.192,0.439,-6.508,0.0569,128.927,4
22,EARFQUAKE,IGOR,"Tyler, The Creator",17/05/2019,2019,190066,79,0.23,0.554,0.498,5.98E-06,0.795,0.413,-8.866,0.0685,79.635,4
23,Infinity,Infinity,Ocean Alley,6/06/2019,2019,233466,51,0.0617,0.557,0.747,0.00248,0.122,0.672,-4.329,0.0261,91.001,4
24,Find an Island,STELLA & STEVE,BENEE,15/11/2019,2019,192613,63,0.285,0.836,0.681,0,0.0729,0.854,-3.793,0.0434,81.554,4
25,Johnny Run Away,Johnny Run Away,Tones And I,1/03/2019,2019,193450,55,0.738,0.817,0.375,0.00876,0.104,0.495,-10.21,0.152,92.472,4
26,Vossi Bop,Vossi Bop,Stormzy,26/04/2019,2019,196266,68,0.13,0.682,0.653,0.00116,0.129,0.428,-6.062,0.339,188.115,4
27,Juice,Cuz I Love You,Lizzo,19/04/2019,2019,195144,75,0.00611,0.767,0.889,0,0.402,0.843,-2.988,0.0963,119.93,4
28,Piece Of Your Heart,Piece Of Your Heart,MEDUZA,1/02/2019,2019,152913,80,0.0404,0.677,0.744,0.00016,0.074,0.631,-6.806,0.0295,124.08,4
29,Friends,Friends,Flume,27/03/2019,2019,223909,60,0.288,0.628,0.668,0,0.622,0.347,-5.935,0.263,138.865,4
30,Save It For The Weekend,Save It For The Weekend,Skegss,2/10/2019,2019,181608,47,0.000307,0.424,0.83,0.000717,0.36,0.544,-5.298,0.028,101.596,4
31,Money,Money,Lime Cordiale,1/02/2019,2019,238180,53,0.264,0.637,0.605,0.228,0.231,0.436,-8.681,0.0325,110.077,4
32,San Frandisco,San Frandisco,Dom Dolla,20/09/2019,2019,185000,53,0.0446,0.78,0.938,0.0977,0.091,0.502,-6.269,0.0491,125.031,4
33,Tokyo Drifting (with Denzel Curry),Tokyo Drifting,Glass Animals,13/11/2019,2019,217693,65,0.0816,0.708,0.496,0.000109,0.102,0.412,-8.175,0.0496,128.914,4
34,bury a friend,"WHEN WE ALL FALL ASLEEP, WHERE DO WE GO?",Billie Eilish,29/03/2019,2019,193143,78,0.74,0.905,0.389,0.162,0.106,0.196,-14.505,0.332,120.046,4
35,Solid Gold,Solid Gold,PNAU,2/05/2019,2019,208367,62,0.0978,0.567,0.946,1.37E-06,0.0836,0.295,-2.245,0.0541,104.983,4
36,Red Light Green Light,"Red Light Green Light (For Club Play Only, Pt. 6)",Duke Dumont,22/02/2019,2019,211208,67,0.000646,0.811,0.825,0.517,0.0689,0.95,-5.48,0.0654,124.005,4
37,Face To Face,Face To Face,Ruel,8/08/2019,2019,203649,51,0.148,0.698,0.634,0,0.105,0.371,-4.341,0.064,90.008,4
38,Longshot,The Balance,Catfish and the Bottlemen,26/04/2019,2019,232960,60,0.00381,0.481,0.765,0.000737,0.119,0.465,-4.025,0.0388,102.829,4
39,Graveyard,Graveyard,Halsey,13/09/2019,2019,181805,8,0.231,0.667,0.583,4.48E-05,0.181,0.187,-5.127,0.0747,92.043,4
40,HIGHEST IN THE ROOM,HIGHEST IN THE ROOM,Travis Scott,4/10/2019,2019,175720,86,0.0546,0.598,0.427,5.83E-06,0.21,0.0605,-8.764,0.0317,76.469,4
41,Robbery,Death Race For Love,Juice WRLD,8/03/2019,2019,240050,86,0.328,0.685,0.692,0,0.153,0.578,-5.122,0.0457,159.966,5
42,It Might Be Time,It Might Be Time,Tame Impala,28/10/2019,2019,273013,2,0.0212,0.586,0.786,9.35E-05,0.642,0.326,-3.768,0.0484,115.959,4
43,Cool As Hell,Cool As Hell,Baker Boy,25/01/2019,2019,186253,51,0.485,0.828,0.599,7.48E-06,0.0987,0.645,-6.593,0.0681,110.969,4
44,RICKY,ZUU,Denzel Curry,31/05/2019,2019,147866,68,0.0399,0.776,0.562,0,0.138,0.521,-6.901,0.363,169.03,4
45,7 Minutes,A Place We Knew,Dean Lewis,22/03/2019,2019,211453,62,0.526,0.613,0.739,0,0.149,0.712,-6.478,0.0311,104.966,4
46,SUGAR,GINGER,BROCKHAMPTON,23/08/2019,2019,204533,78,0.449,0.453,0.538,0,0.19,0.516,-8.212,0.0638,122.973,4
47,Intentions (22),Intentions (22),Ziggy Alberts,21/08/2019,2019,186693,51,0.294,0.709,0.382,0.000139,0.106,0.769,-11.13,0.127,82.08,4
48,Free Time,Free Time,Ruel,13/09/2019,2019,218826,61,0.101,0.637,0.478,0,0.103,0.201,-5.783,0.03,99.989,3
49,Teach Me About Dying,My Own Pool of Light,Holy Holy,2/08/2019,2019,205287,51,0.000217,0.543,0.721,3.28E-06,0.102,0.346,-5.377,0.0329,170.078,4
50,Evil Spider,FIRE ON MARZZ,BENEE,28/06/2019,2019,153213,56,0.309,0.826,0.635,0,0.139,0.538,-5.844,0.106,105.971,4
51,Patience,Patience,Tame Impala,22/03/2019,2019,292267,62,0.00223,0.546,0.859,0.000947,0.0529,0.645,-5.966,0.0306,99.965,4
52,You Little Beauty,You Little Beauty,FISHER,9/05/2019,2019,206587,53,0.00237,0.927,0.953,0.466,0.31,0.915,-5.524,0.0915,123.983,4
53,Stained Glass,Stained Glass,Ocean Alley,21/02/2019,2019,226346,47,0.0414,0.561,0.709,0.0102,0.116,0.271,-6.215,0.0343,132.058,4
54,Talk,Talk,Khalid,7/02/2019,2019,197487,72,0.0501,0.9,0.4,0,0.0876,0.338,-8.443,0.124,136.001,4
55,MIDDLE CHILD,MIDDLE CHILD,J. Cole,23/01/2019,2019,213593,80,0.149,0.837,0.364,0,0.271,0.463,-11.713,0.276,123.984,4
56,Jellyfish,Jellyfish,Slowly Slowly,16/04/2019,2019,196406,38,0.00887,0.706,0.687,0,0.162,0.913,-5.071,0.0331,128.033,4
57,Lover,About Us,G Flip,30/08/2019,2019,207288,0,0.579,0.448,0.467,0,0.11,0.0673,-4.942,0.0305,120.201,4
58,Nobody's Home,Nobody's Home,Mallrat,1/02/2019,2019,216803,50,0.663,0.623,0.643,0.000101,0.103,0.535,-5.478,0.046,111.01,4
59,I Missed Out,I Missed Out,Hockey Dad,15/11/2019,2019,213447,42,0.000146,0.291,0.963,1.41E-06,0.173,0.306,-3.881,0.0726,86.187,4
60,Maybe You Know,My Own Pool of Light,Holy Holy,2/08/2019,2019,237080,53,0.0202,0.49,0.81,1.14E-06,0.315,0.483,-5.043,0.0451,139.107,4
61,Hell N Back,Hell N Back,Bakar,15/08/2019,2019,213573,73,0.312,0.584,0.684,9.05E-05,0.112,0.72,-4.314,0.567,210.164,4
62,Nightmare,Nightmare,Halsey,17/05/2019,2019,231998,71,0.0188,0.611,0.622,0,0.359,0.538,-5.075,0.0734,146.11,4
63,Circles,Circles,George Alice,5/07/2019,2019,184144,49,0.149,0.643,0.526,2.24E-06,0.432,0.163,-8.324,0.0486,104.98,4
64,Homecoming Queen,Better in Blak,Thelma Plum,12/07/2019,2019,231666,61,0.689,0.469,0.425,0.000324,0.0697,0.156,-6.879,0.037,191.536,3
65,Stupid,About Us,G Flip,30/08/2019,2019,206038,0,0.41,0.702,0.639,0,0.138,0.22,-5.271,0.0999,136.928,4
66,wish you were gay,"WHEN WE ALL FALL ASLEEP, WHERE DO WE GO?",Billie Eilish,29/03/2019,2019,221543,77,0.39,0.853,0.351,9.38E-06,0.752,0.282,-10.198,0.241,118.028,4
67,Then What,Then What,Illy,22/05/2019,2019,181466,53,0.00507,0.723,0.725,0,0.525,0.962,-4.498,0.104,72.473,4
68,Vacation Forever,Vacation Forever,Violent Soho,22/11/2019,2019,269047,34,0.000411,0.485,0.909,9.88E-06,0.295,0.323,-2.913,0.0641,129.108,4
69,TALK DEEP,TALK DEEP,E^ST,11/10/2019,2019,210371,47,0.153,0.71,0.833,0.057,0.0729,0.579,-7.536,0.057,130.013,4
70,Blinding Lights,Blinding Lights,The Weeknd,29/11/2019,2019,201573,27,0.00147,0.513,0.796,0.000209,0.0938,0.345,-4.075,0.0629,171.017,4
71,Pasta,Salt,Angie McMahon,26/07/2019,2019,278453,43,0.221,0.458,0.452,0,0.0851,0.395,-7.699,0.0669,140.665,4
72,Party Pill,Cub Sport,Cub Sport,18/01/2019,2019,176706,42,0.6,0.634,0.449,0,0.326,0.51,-8.999,0.0386,114.939,4
73,Nowhere To Go,Between Us,Hayden James,14/06/2019,2019,204826,54,0.0829,0.664,0.664,2.86E-06,0.293,0.449,-5.606,0.0623,111.866,4
74,Paradise,Paradise,Golden Features,11/10/2019,2019,215253,57,0.493,0.713,0.703,0.555,0.134,0.203,-9.452,0.0501,120.01,4
75,Something Tells Me,HOPE,Meg Mac,7/06/2019,2019,216522,44,0.25,0.678,0.551,0,0.378,0.38,-5.87,0.0377,96.034,4
76,I Am Not Afraid,About Us,G Flip,30/08/2019,2019,226659,0,0.0379,0.554,0.674,0,0.118,0.336,-4.138,0.0594,75.989,4
77,Not Angry Anymore,Not Angry Anymore,Thelma Plum,1/02/2019,2019,203280,44,0.357,0.65,0.685,3.71E-05,0.301,0.936,-5.961,0.0477,174.909,4
78,Stay Awake,A Place We Knew,Dean Lewis,22/03/2019,2019,185400,65,0.337,0.723,0.829,3.47E-05,0.0931,0.582,-7.123,0.0453,106.023,4
79,Good for You,Good for You,Spacey Jane,15/08/2019,2019,174760,44,5.54E-05,0.436,0.896,0.00995,0.165,0.933,-4.736,0.0384,174.962,4
80,Let You Know,Let You Know,Flume,12/06/2019,2019,199579,62,0.0544,0.759,0.694,0,0.131,0.374,-4.075,0.0418,117.056,4
81,Sugar,Sugar,Peking Duk,17/01/2019,2019,191574,53,0.00415,0.529,0.722,0.00155,0.207,0.47,-5.931,0.0418,97.006,4
82,Welcome To The Black Parade - triple j Like A Version,Welcome To The Black Parade (triple j Like A Version),Alex Lahey,27/09/2019,2019,322000,40,0.00131,0.209,0.726,0,0.125,0.281,-9.71,0.0716,96.841,3
83,Hey You,Hey You,DOPE LEMON,8/05/2019,2019,278386,40,0.259,0.771,0.425,0.46,0.106,0.84,-12.039,0.0277,102.613,4
84,Doin' Time,Norman Fucking Rockwell!,Lana Del Rey,30/08/2019,2019,202192,73,0.372,0.649,0.538,0.00632,0.0951,0.496,-11.196,0.0519,144.979,4
85,Unsainted,We Are Not Your Kind,Slipknot,9/08/2019,2019,260773,72,0.000118,0.427,0.946,0.0253,0.0604,0.237,-2.188,0.0469,101.305,4
86,Follow God,JESUS IS KING,Kanye West,25/10/2019,2019,104591,72,0.000248,0.529,0.9,1.21E-05,0.0426,0.434,-3.503,0.418,180.291,4
87,Lose Control,Lose Control,MEDUZA,11/10/2019,2019,168387,83,0.129,0.598,0.526,0,0.14,0.529,-8.659,0.0415,123.935,4
88,Final Form,Final Form,Sampa the Great,5/06/2019,2019,216778,39,0.00876,0.69,0.889,0.00226,0.302,0.761,-6.689,0.166,96.02,4
89,Here Comes Your Man - triple j Like A Version,Here Comes Your Man (triple j Like A Version),Skegss,17/05/2019,2019,219000,48,0.000624,0.392,0.875,0,0.126,0.42,-5.479,0.0683,135.779,4
90,all the good girls go to hell,"WHEN WE ALL FALL ASLEEP, WHERE DO WE GO?",Billie Eilish,29/03/2019,2019,168839,77,0.283,0.726,0.444,0.143,0.177,0.569,-8.922,0.372,185.044,4
91,The Real Thing,The Real Thing,Client Liaison,1/08/2019,2019,268508,51,0.185,0.751,0.87,0.00106,0.0202,0.769,-5.712,0.0554,116.983,4
92,Wow.,Hollywood's Bleeding,Post Malone,6/09/2019,2019,149546,81,0.136,0.829,0.539,1.78E-06,0.103,0.388,-7.359,0.208,99.96,4
93,Protection,Starry Night over the Phone,Allday,12/07/2019,2019,213101,45,0.215,0.814,0.531,0.000608,0.114,0.329,-8.198,0.103,119.954,4
94,A.O.K,MAMA,Adrian Eagle,20/09/2019,2019,194692,43,0.199,0.773,0.632,0,0.0987,0.474,-5.917,0.127,83.961,4
95,Ludens,Ludens,Bring Me The Horizon,6/11/2019,2019,280151,65,0.000551,0.295,0.679,5.44E-05,0.165,0.381,-6.182,0.15,197.964,3
96,Skin,Skin,San Cisco,23/10/2019,2019,267050,43,0.103,0.599,0.526,0.0104,0.173,0.389,-7.384,0.0221,96.036,4
97,Meditjin,Meditjin,Baker Boy,21/11/2019,2019,178945,41,0.0754,0.834,0.877,2.53E-05,0.132,0.511,-3.371,0.181,120.051,4
98,C.U.D.I (Can U Dig It),C.U.D.I (Can U Dig It),Cosmo's Midnight,1/03/2019,2019,223981,56,0.0331,0.608,0.863,0.105,0.147,0.689,-7.33,0.0424,113.995,4
99,No Plans,No Plans,Dune Rats,7/06/2019,2019,201001,36,0.00747,0.615,0.895,0,0.273,0.656,-3.912,0.0367,109.993,4
0,Heat Waves,Heat Waves,Glass Animals,29/06/2020,2020,238805,81,0.44,0.761,0.525,6.70E-06,0.0921,0.531,-6.9,0.0944,80.87,4
1,Booster Seat,Sunlight,Spacey Jane,12/06/2020,2020,268880,71,0.0418,0.629,0.551,1.18E-06,0.108,0.699,-5.402,0.0263,111.961,4
2,The Difference,The Difference,Flume,11/03/2020,2020,139662,72,0.255,0.56,0.865,0.000153,0.083,0.424,-1.148,0.0909,159.96,4
3,Cherub,Cherub,Ball Park Music,27/08/2020,2020,328973,59,0.411,0.561,0.368,0.000357,0.148,0.23,-8.776,0.033,127.989,4
4,Lost In Yesterday,The Slow Rush,Tame Impala,14/02/2020,2020,249586,71,0.0295,0.569,0.84,0.000118,0.0995,0.749,-4.123,0.118,183.059,3
5,WAP (feat. Megan Thee Stallion),WAP (feat. Megan Thee Stallion),Cardi B,7/08/2020,2020,187541,89,0.0194,0.935,0.454,0,0.0824,0.357,-7.509,0.375,133.073,4
6,Hyperfine,Hyperfine,G Flip,6/05/2020,2020,220501,58,0.0998,0.715,0.635,2.08E-05,0.113,0.232,-6.747,0.0444,102.021,4
7,Sending Me Ur Loving,Sending Me Ur Loving,The Jungle Giants,17/01/2020,2020,253940,64,0.00133,0.733,0.583,0.00441,0.0814,0.62,-7.437,0.0347,123.006,4
8,I'm Good?,I'm Good?,Hilltop Hoods,1/05/2020,2020,160186,64,0.311,0.901,0.761,0,0.065,0.96,-5.986,0.0704,119.984,4
9,Therefore I Am,Therefore I Am,Billie Eilish,12/11/2020,2020,174321,91,0.218,0.889,0.34,0.13,0.055,0.716,-7.773,0.0697,94.009,4
10,On Our Own,On Our Own,Lime Cordiale,17/04/2020,2020,216636,58,0.00149,0.705,0.692,0.000193,0.137,0.772,-7.271,0.0303,125.933,4
11,Get on the Beers,Get on the Beers,Mashd N Kutcher,26/10/2020,2020,193593,61,0.0325,0.687,0.961,0,0.356,0.686,-4.684,0.231,123.952,4
12,Rockstar,Rockstar,Mallrat,1/10/2020,2020,208988,57,0.116,0.566,0.738,0.078,0.11,0.539,-4.534,0.0282,88.971,4
13,Tombstone,Tombstone,Ocean Alley,11/12/2019,2019,241173,57,0.0503,0.397,0.527,0.008,0.12,0.796,-9.625,0.0263,169.015,4
14,Skin,Sunlight,Spacey Jane,12/06/2020,2020,194000,59,0.0295,0.394,0.811,0.00181,0.17,0.804,-4.306,0.0291,124.209,4
15,Screw Loose,Screw Loose,Lime Cordiale,3/07/2020,2020,254405,53,0.0185,0.657,0.559,0.002,0.147,0.562,-8.176,0.0452,151.871,4
16,Is It True,The Slow Rush,Tame Impala,14/02/2020,2020,239266,71,0.00307,0.731,0.664,0.35,0.133,0.661,-5.474,0.0302,118.018,4
17,Tangerine,Dreamland,Glass Animals,7/08/2020,2020,200583,67,0.114,0.845,0.583,0.000536,0.1,0.842,-5.948,0.0773,149.941,4
18,You should be sad,Manic,Halsey,17/01/2020,2020,205473,78,0.143,0.591,0.585,0,0.109,0.324,-6.35,0.0277,110.94,4
19,Addicted To The Sunshine,14 Steps To A Better You,Lime Cordiale,10/07/2020,2020,270837,51,0.0187,0.677,0.636,1.70E-06,0.321,0.889,-8.901,0.0284,126.027,4
20,Energy,Energy,Stace Cadet,24/04/2020,2020,208550,65,0.000327,0.703,0.822,0.682,0.278,0.443,-5.142,0.0366,125.004,4
21,Complicated,Complicated,Eves Karydas,3/06/2020,2020,197977,57,0.155,0.84,0.503,0,0.355,0.663,-6.775,0.0607,108.882,4
22,Good News,Good News,Mac Miller,9/01/2020,2020,342040,64,0.853,0.794,0.32,0.134,0.112,0.241,-12.92,0.173,174.088,4
23,Blue World,Circles,Mac Miller,17/01/2020,2020,209440,75,0.389,0.742,0.553,0,0.0694,0.508,-8.98,0.419,84.931,4
24,Reality Check Please,Reality Check Please,Lime Cordiale,29/10/2020,2020,220597,55,0.00976,0.703,0.639,0.468,0.165,0.622,-7.341,0.0316,138.048,4
25,No Plans To Make Plans,14 Steps To A Better You,Lime Cordiale,10/07/2020,2020,258423,53,0.226,0.814,0.504,0.00101,0.688,0.708,-10.216,0.119,90.03,4
26,Under The Thunder,Under The Thunder,Skegss,24/06/2020,2020,215720,54,0.000574,0.518,0.837,0.00984,0.128,0.796,-3.87,0.0361,97.688,4
27,Straightfaced,Sunlight,Spacey Jane,12/06/2020,2020,218960,55,0.00301,0.48,0.69,0,0.0734,0.391,-5.309,0.0287,142.908,4
28,Dribble,Dribble,Sycco,15/07/2020,2020,240837,57,0.206,0.586,0.693,0,0.0971,0.518,-5.92,0.0434,94.025,4
29,Bagi-la-m Bargan,Bagi-la-m Bargan,Birdz,20/08/2020,2020,252373,51,0.13,0.414,0.79,0,0.295,0.323,-4.905,0.107,100.024,4
30,Reasons,Reasons,San Cisco,13/02/2020,2020,192298,51,0.0913,0.611,0.78,0,0.209,0.315,-3.672,0.0439,125.01,4
31,Criminals,THE GLOW,DMA'S,10/07/2020,2020,195013,51,0.00171,0.471,0.672,0,0.161,0.496,-4.034,0.0313,79.008,4
32,Breathe Deeper,The Slow Rush,Tame Impala,14/02/2020,2020,372866,68,0.0245,0.664,0.848,0.000127,0.172,0.502,-4.51,0.0322,104.998,4
33,Everybody Rise,Everybody Rise,Amy Shark,18/06/2020,2020,190322,64,0.0335,0.702,0.676,0,0.102,0.65,-6.679,0.0526,103.057,4
34,Running Red Lights (feat. Rivers Cuomo & Pink Siifu),Running Red Lights (feat. Rivers Cuomo & Pink Siifu),The Avalanches,18/03/2020,2020,279613,58,0.258,0.672,0.684,0,0.393,0.664,-6.084,0.0235,100.51,4
35,forget me too (feat. Halsey),Tickets To My Downfall,Machine Gun Kelly,25/09/2020,2020,171620,79,0.000417,0.654,0.875,0.0086,0.194,0.522,-4.845,0.0744,99.975,4
36,SO DONE,SO DONE,The Kid LAROI,23/10/2020,2020,126521,82,0.232,0.719,0.598,0,0.115,0.303,-6.254,0.077,142.592,4
37,Parasite Eve,Parasite Eve,Bring Me The Horizon,25/06/2020,2020,291812,70,0.0289,0.589,0.797,4.35E-06,0.383,0.232,-5.464,0.15,102.489,4
38,Righteous,Legends Never Die,Juice WRLD,10/07/2020,2020,242180,81,0.0417,0.706,0.625,0,0.129,0.225,-7.426,0.0314,142.948,4
39,Come & Go (with Marshmello),Legends Never Die,Juice WRLD,10/07/2020,2020,205484,84,0.0172,0.625,0.814,0,0.158,0.535,-5.181,0.0657,144.991,4
40,I Still Dream About You,Don't Waste Your Anger,The Smith Street Band,17/04/2020,2020,258216,51,0.000437,0.146,0.806,0.0162,0.0922,0.347,-4.863,0.043,166.882,4
41,WHATS POPPIN,Sweet Action,Jack Harlow,13/03/2020,2020,139741,82,0.017,0.923,0.604,0,0.272,0.826,-6.671,0.245,145.062,4
42,together,together,Ziggy Alberts,24/01/2020,2020,243000,61,0.904,0.828,0.375,3.03E-05,0.127,0.749,-10.78,0.0539,114.965,4
43,You & I,You & I,G Flip,2/10/2020,2020,196281,54,0.0153,0.606,0.592,0.0417,0.223,0.287,-6.656,0.0838,179.969,4
44,as long as you care,as long as you care,Ruel,10/09/2020,2020,193189,67,0.00692,0.55,0.591,0,0.11,0.308,-6.833,0.0377,78.68,4
45,Pretty Lady,Pretty Lady,Tash Sultana,9/04/2020,2020,277908,65,0.705,0.471,0.602,5.73E-06,0.0936,0.573,-7.302,0.132,118.193,4
46,Animals,Animals,Architects,20/10/2020,2020,244364,69,0.000123,0.532,0.759,0.02,0.073,0.293,-3.842,0.0319,95.01,4
47,Ain't It Different (feat. AJ Tracey & Stormzy),Ain't It Different (feat. AJ Tracey & Stormzy),Headie One,20/08/2020,2020,196363,73,0.00988,0.767,0.569,1.45E-05,0.109,0.524,-6.805,0.216,77.052,4
48,Wishing Well,Legends Never Die,Juice WRLD,10/07/2020,2020,194621,87,0.00336,0.65,0.613,0,0.267,0.0804,-6.13,0.128,149.972,4
49,Nothing to Love About Love,Nothing to Love About Love,Peking Duk,30/10/2020,2020,209013,58,0.0001,0.506,0.607,3.31E-05,0.266,0.591,-7.001,0.0336,132.959,4
50,Your Love (Déjà Vu),Dreamland,Glass Animals,7/08/2020,2020,234372,59,0.0167,0.851,0.663,0.363,0.103,0.605,-7.168,0.0532,108.004,4
51,The Glow,THE GLOW,DMA'S,10/07/2020,2020,174266,49,1.30E-05,0.414,0.908,0,0.249,0.759,-4.09,0.038,149.941,4
52,In Your Eyes,After Hours,The Weeknd,20/03/2020,2020,237520,86,0.00285,0.667,0.719,8.10E-05,0.0736,0.717,-5.371,0.0346,100.021,4
53,Blue - Flume Remix,Blue (Flume Remix),Eiffel 65,3/07/2020,2020,166666,62,0.434,0.743,0.701,0.0075,0.249,0.659,-3.907,0.0886,134.987,4
54,I Think You're Great,The Theory of Absolutely Nothing,Alex the Astronaut,21/08/2020,2020,226941,47,0.0157,0.622,0.863,0.00835,0.599,0.811,-5.912,0.0466,122.747,4
55,On The Line,On The Line,San Cisco,22/05/2020,2020,300657,49,0.0333,0.64,0.863,0.00148,0.146,0.653,-4.547,0.031,131.073,4
56,Sobercoaster,Sobercoaster,Beddy Rays,22/04/2020,2020,162319,51,7.93E-05,0.297,0.951,0,0.349,0.568,-2.502,0.0843,188.097,4
57,Fly Away,Fly Away,Tones And I,13/11/2020,2020,178156,71,0.223,0.805,0.515,0,0.238,0.488,-6.201,0.0915,124.969,4
58,Gimme Love,Gimme Love,Joji,16/04/2020,2020,214557,72,0.696,0.482,0.631,0.0242,0.209,0.0743,-6.917,0.0986,126.576,3
59,GO (feat. Juice WRLD),GO (feat. Juice WRLD),The Kid LAROI,12/06/2020,2020,183947,68,0.185,0.544,0.744,0,0.336,0.572,-5.007,0.0889,73.699,4
60,Pretty Grim,Pretty Grim,Ruby Fields,24/09/2020,2020,166013,49,0.1,0.524,0.665,0,0.0955,0.325,-4.553,0.0342,109.919,4
61,Run,Run,Joji,6/02/2020,2020,195000,68,0.0416,0.447,0.72,0.000297,0.614,0.362,-3.954,0.0332,157.892,3
62,Day & Age,Day & Age,Ball Park Music,5/06/2020,2020,230448,50,0.16,0.536,0.456,0.00799,0.108,0.298,-6.055,0.0339,122.004,4
63,Soak Me In Bleach,Everyone Loves You… Once You Leave Them,The Amity Affliction,21/02/2020,2020,225916,49,0.000137,0.256,0.91,0,0.139,0.196,-5.278,0.119,109.656,5
64,C'MON (feat. Travis Barker),C'MON (feat. Travis Barker),Amy Shark,22/10/2020,2020,220461,59,0.425,0.626,0.665,0,0.0331,0.303,-5.59,0.0458,122.004,4
65,Fantasising,Fantasising,Skegss,16/09/2020,2020,206733,52,1.66E-05,0.176,0.962,0.522,0.321,0.425,-3.139,0.103,153.951,4
66,Boss Bitch,Boss Bitch,Doja Cat,23/01/2020,2020,134239,82,0.127,0.707,0.955,0,0.202,0.575,-4.593,0.222,125.989,4
67,Lie To Me,Lie To Me,Vera Blue,20/08/2020,2020,226853,57,0.11,0.683,0.572,1.54E-05,0.0895,0.583,-7.086,0.0447,100.035,4
68,Second,Second,Hope D,12/03/2020,2020,272278,51,0.018,0.508,0.893,0,0.119,0.388,-3.542,0.0775,80.979,4
69,Low,Low,Chet Faker,2/10/2020,2020,274423,64,0.131,0.651,0.533,0.181,0.158,0.573,-8.726,0.0592,79.538,4
70,Obey (with YUNGBLUD),Obey (with YUNGBLUD),Bring Me The Horizon,2/09/2020,2020,220538,66,0.000103,0.462,0.99,0,0.374,0.204,-3.175,0.211,137.061,4
71,Way Down,Lonely Diamond,Ocean Alley,19/06/2020,2020,200626,53,0.00307,0.639,0.653,0.0465,0.0711,0.716,-9.053,0.0321,142.942,4
72,Don't Need You,Don't Need You,Genesis Owusu,15/05/2020,2020,185786,51,0.153,0.927,0.475,2.89E-05,0.0848,0.553,-6.864,0.162,119.975,4
73,Scream Drive Faster,Scream Drive Faster,LAUREL,11/08/2020,2020,240666,59,0.0208,0.625,0.706,0,0.0498,0.699,-5.145,0.0316,129.987,4
74,Photo ID,I'm Allergic To Dogs!,Remi Wolf,24/06/2020,2020,265263,71,0.111,0.822,0.66,0,0.143,0.802,-3.637,0.0819,113.956,4
75,Baby It's You,Baby It's You,London Grammar,19/08/2020,2020,242239,60,0.085,0.508,0.827,0.0134,0.0572,0.14,-8.612,0.0357,118.009,4
76,House Arrest,House Arrest,Sofi Tukker,15/05/2020,2020,216441,66,0.0187,0.654,0.818,0.103,0.0806,0.557,-6.27,0.0332,123.982,4
77,Lady Marmalade - triple j Like A Version,Lady Marmalade (triple j Like A Version),G Flip,13/03/2020,2020,261924,45,0.00255,0.652,0.724,0,0.396,0.768,-7.423,0.0394,112.991,4
78,my future,my future,Billie Eilish,30/07/2020,2020,208155,79,0.795,0.444,0.309,0.132,0.352,0.0875,-10.956,0.062,104.745,4
79,Freaks,Freaks,FISHER,20/03/2020,2020,175255,53,0.00223,0.806,0.869,0.775,0.123,0.785,-4.344,0.0544,124.01,4
80,Weightless,Sunlight,Spacey Jane,12/06/2020,2020,251053,56,0.000575,0.487,0.877,0.00341,0.135,0.385,-4.625,0.0335,99.948,4
81,The Clap,High Risk Behaviour,The Chats,27/03/2020,2020,89640,48,0.0177,0.651,0.693,5.93E-06,0.0411,0.967,-6.15,0.0929,91.035,4
82,Down for You,Down for You,Cosmo's Midnight,31/01/2020,2020,193716,59,0.275,0.763,0.547,1.79E-06,0.108,0.634,-8.017,0.0601,97.003,4
83,Chicken Tenders,What Could Possibly Go Wrong,Dominic Fike,31/07/2020,2020,170405,63,0.268,0.746,0.741,0,0.644,0.72,-5.459,0.0567,119.983,4
84,Too Tough Terry,Too Tough Terry,Dune Rats,13/11/2020,2020,157299,49,0.0523,0.595,0.985,0,0.359,0.417,-2.552,0.113,75.512,4
85,Laugh Now Cry Later (feat. Lil Durk),Laugh Now Cry Later (feat. Lil Durk),Drake,14/08/2020,2020,261492,88,0.244,0.761,0.518,3.47E-05,0.107,0.522,-8.871,0.134,133.976,4
86,Three Leaf Clover,Three Leaf Clover,Teenage Joans,26/03/2020,2020,196358,49,0.000787,0.548,0.799,0.00262,0.268,0.509,-4.098,0.0324,124.019,4
87,HEART ATTACK (feat. lau.ra),BRONSON,BRONSON,7/08/2020,2020,209600,56,0.163,0.556,0.649,0.214,0.109,0.119,-5.807,0.0781,121.999,4
88,In Her Eyes,In Her Eyes,The Jungle Giants,17/11/2020,2020,174401,61,0.00373,0.89,0.505,0.438,0.0474,0.94,-3.106,0.0481,119.011,4
89,No Time To Die,No Time To Die,Billie Eilish,13/02/2020,2020,242265,78,0.917,0.38,0.219,0.0104,0.0827,0.0517,-13.273,0.0358,73.537,4
90,Charlie - triple j Like A Version,Charlie (triple j Like A Version),Bugs,6/03/2020,2020,235194,51,0.00706,0.394,0.557,0.00365,0.0992,0.338,-9.392,0.0374,79.496,3
91,These Days,These Days,Thelma Plum,28/05/2020,2020,203250,54,0.814,0.545,0.281,0,0.108,0.427,-8.677,0.027,87.757,4
92,"Lemonade (feat. Gunna, Don Toliver & NAV)",B4 The Storm,Internet Money,28/08/2020,2020,195428,86,0.25,0.8,0.658,0,0.111,0.462,-6.142,0.079,140.042,4
93,Rain,Rain,Aitch,5/03/2020,2020,183065,67,0.0262,0.871,0.87,1.98E-06,0.109,0.83,-4.797,0.202,150.147,4
94,Loose Ends (feat. G Flip),Loose Ends (feat. G Flip),Illy,17/07/2020,2020,236855,49,0.0511,0.704,0.666,0.00238,0.258,0.552,-6.652,0.0735,90.015,4
95,Germaphobe,Brain Candy,Hockey Dad,31/07/2020,2020,204690,48,0.000785,0.47,0.954,0,0.0971,0.412,-3.966,0.0718,127.98,4
96,Audacity (feat. Headie One),Heavy Is The Head,Stormzy,13/12/2019,2020,245920,64,0.0523,0.678,0.516,0,0.13,0.11,-4.601,0.444,133.939,4
97,Your Man,Nectar,Joji,25/09/2020,2020,163758,68,0.624,0.785,0.818,0.149,0.149,0.0503,-8.711,0.099,117.98,4
98,Itch,Itch,Hockey Dad,14/02/2020,2020,294063,43,0.0119,0.253,0.791,0,0.0957,0.0808,-4.889,0.0447,159.916,4
99,Kool,Hey u x,BENEE,13/11/2020,2020,168736,62,0.00492,0.911,0.811,6.21E-06,0.209,0.97,-3.637,0.0509,119.054,4
